Icon,Name,Detail,Time,Review,Unnamed: 5,Unnamed: 6,Unnamed: 7,Unnamed: 8,Detected_Language
https://lh3.googleusercontent.com/a-/ALV-UjVg1nktlpqOCly5GPj5Zy7LSFIumlZWWu0pBlgkq2nL6vwhYVkh_A=w40-h40-p-rp-mo-ba4-br100,Sarah Abendschein,Local Guide · 75 reviews · 71 photos,6 months ago,excellent dog park easy parking safe fence water poo bags lots lovely shade benches lappy meetup fab,,,Share,,en
https://lh3.googleusercontent.com/a-/ALV-UjU-CBMfF21LyEwmNngUOKPBja4nGv0hFMMrDy7Y5L0HOHQWXbfx=w40-h40-p-rp-mo-ba5-br100,Antony D,Local Guide · 228 reviews · 697 photos,a week ago,soccer awesome great environment,,,Like,Share,en
https://lh3.googleusercontent.com/a-/ALV-UjXAUxwE_-8nJFvbYiOdvfEwYoNw8PusrVqg6sleygMViYx6eqUipw=w40-h40-p-rp-mo-ba3-br100,cj,Local Guide · 56 reviews · 16 photos,4 months ago,conveniently located right middle hustle bustle unfortunately means attracts people drink park theyve known leave unsafe rubbish behind also find people less likely clean dogs park specifically,,,Share,Like,en
https://lh3.googleusercontent.com/a-/ALV-UjXWpJYDfCG3adnkv_oHw2yp78jxm-PEKBap7JK5ZWw_HcRB8RI=w40-h40-p-rp-mo-ba6-br100,Rouven Grossmann,"Local Guide · 253 reviews · 2,070 photos",2 years ago,favourite park close melbourne cbd lot space dogs sizes run around l make friends exhaust,,,Share,,en
https://lh3.googleusercontent.com/a/ACg8ocLB5po04v40VseWcNUumEJtNd-gpa2kMD8XviiSG3OJDeEr5QY=w40-h40-p-rp-mo-ba4-br100,Mayank Minki,Local Guide · 39 reviews · 72 photos,a year ago,clean fenced easy park dog park heart cbd park boundary road plenty car parking,,,Share,,en
https://lh3.googleusercontent.com/a-/ALV-UjVVKYyrCYg19xoXIPZ-OdyEmmXKrpdrFeaTJ_CVaes0EG6NkZo=w40-h40-p-rp-mo-ba4-br100,Chel Haftka,Local Guide · 52 reviews · 284 photos,3 years ago,one favourite fully fenced dog parks two water fountains dogs humans two bag bin stations prickle free grass huge bonus plenty seating tress grow shade evening early morning lighting enough find ball enough feel safe,,,Share,,en
https://lh3.googleusercontent.com/a-/ALV-UjVPsiFL9KJC0BdeV_50AmlHmiKRvZzmn3DisNJi7k0jRzbvB85zSQ=w40-h40-p-rp-mo-br100,Nelson Chan,10 reviews · 37 photos,a year ago,summer best time take dog play park fenced giving peace mind dog wont run away grassy summer get muddy spring winter lots rain,,,Share,Like,en
https://lh3.googleusercontent.com/a/ACg8ocK8Y0-Vr_4hNzzFNXt7ODSqgtdKRDzvkHVDg1xl49H1f2cP5g=w40-h40-p-rp-mo-ba7-br100,Sean Otto,"Local Guide · 305 reviews · 7,166 photos",a year ago,nice good big dog park lots grass area trees seats couple drinking fountains humans pets fenced dont escape pet runner little hard get park sometimes dog loves,,,Share,,en
https://lh3.googleusercontent.com/a-/ALV-UjV74QbzrPr0XQIROrcfqAbBSBl6p1hqfRfT7gEDi7ihkIU9Pds=w40-h40-p-rp-mo-ba4-br100,Michael Brookes,Local Guide · 32 reviews · 92 photos,5 months ago,taken dog times time dogs lead area well behaved plenty room run around,,,Like,Share,en
https://lh3.googleusercontent.com/a-/ALV-UjX0-LIukx1dibyJtEea3D3oOF_0VS-7iTGeLIA_PyBqz5jMr_xbZg=w40-h40-p-rp-mo-ba4-br100,Ernie Reyes,Local Guide · 51 reviews · 255 photos,2 years ago,dog park fully fenced grass well maintained forgot bring plastic bag im glad park provides dogs love running around huge area,,,Share,,en
https://lh3.googleusercontent.com/a-/ALV-UjUl3MGkcTdv1_sUAS4h6JU6z6cjkBcO7Z1c3ihBDtxg9pGFZ3A=w40-h40-p-rp-mo-ba4-br100,Ben Trinh,Local Guide · 93 reviews · 252 photos,a year ago,clean secure dog area moderately sized area plenty room even larger dogs run around ample parking convenience well fenced multiple entrances entrances ends area,,,Share,,en
https://lh3.googleusercontent.com/a-/ALV-UjUg0eUOVgNPWNbMjZCIKbX9NXBe9qqWt0jbqaZsTiOM00QsO42ISg=w40-h40-p-rp-mo-ba4-br100,Bilian Loi,Local Guide · 159 reviews · 121 photos,a year ago,biggest dog park spacious enough dogs sizes run around theres seated area shaded area middle humans dogs,,,Share,,en
https://lh3.googleusercontent.com/a-/ALV-UjX1FMOUVgnc2VqJWQ3-FcJ-E_o8iJHw-qLfRvaC8znR_ZdHvnFK=w40-h40-p-rp-mo-ba5-br100,Hai Nguyen,"Local Guide · 420 reviews · 1,039 photos",5 years ago,great dog park opinion peak times many dogs great socialising dog mostly sensible owners one time observed irresponsible owner didnt control dog well reacted poorly another dog,,,Share,Like,en
https://lh3.googleusercontent.com/a-/ALV-UjXftleeVqprvghbcrO-fSat48dNFs4aG3YfWub0zo6OEvljNZsU=w40-h40-p-rp-mo-ba5-br100,Marcie B,Local Guide · 177 reviews · 295 photos,9 months ago,inner city leash dog park ticks boxes easy free parking fully fenced seating rubbish bins poo bags pooch loves running free,,,Share,,en
https://lh3.googleusercontent.com/a/ACg8ocIk4KQFVl0w9w8Z4MpuhLbJB2K1yC1I21gI_2hzfSb_6BsL-g=w40-h40-p-rp-mo-br100,Phil,8 reviews,2 months ago,sure google maps asking rate dog park yeah pretty good,,,Like,Share,en
https://lh3.googleusercontent.com/a-/ALV-UjXN8l4aDscl7uNnG93glpJMQbMgUuK_E1e5iLbNR4F2l9GDC0s=w40-h40-p-rp-mo-ba6-br100,Bella Bella,"Local Guide · 387 reviews · 2,301 photos",4 years ago,th visit far visited dog parks dont comparison dog loves getting run around securely fenced park dogs water available plenty waste bags available wish,,,Share,Like,en
https://lh3.googleusercontent.com/a/ACg8ocLFTTryvmLUCvkSOH1Sfzc8u3VWMVm90muI3eIyG_sSMMoEAgt-=w40-h40-p-rp-mo-ba5-br100,Fit Lisa,Local Guide · 197 reviews · 171 photos,3 months ago,lots cute friendly dogsgreat space inner city,,,Like,Share,en
https://lh3.googleusercontent.com/a/ACg8ocK9KmGdTJGlJ6UQe_NVTSYdBFXF59oAL4znT7B08FlZKtFjwA=w40-h40-p-rp-mo-ba4-br100,K F,Local Guide · 72 reviews · 47 photos,a year ago,please teach babies recall love issue weve glass bottles left people recalling dogs know park wouldnt let dog jump,,,,Share,en
https://lh3.googleusercontent.com/a/ACg8ocL-u2GvfAARe8jWXae_Lj89dMo4LbyiHSsaEpttt4LsPTRGgw=w40-h40-p-rp-mo-br100,Kay C,7 reviews · 2 photos,a year ago,park securely fenced two water fountains supply dog poo bags case forget bring park big enough dogs sizes run around form separate groups,,,Like,Share,en
https://lh3.googleusercontent.com/a-/ALV-UjXvsjsWIAHOm_BkfG8wxx-Dw19d2zHK8Sakhe4_lRv7bivpNHWR=w40-h40-p-rp-mo-br100,Jules Wilkinson,24 reviews · 17 photos,4 years ago,totally fenced dog park seats shade humans generally well behaved always alert dog around,,,Share,Like,en
https://lh3.googleusercontent.com/a-/ALV-UjWLLOClybPMYpqbLg8LYerzcenu2ONBwrVv-xb6YsjVmmhlVTY9=w40-h40-p-rp-mo-ba4-br100,Morry Morgan,Local Guide · 122 reviews · 140 photos,a year ago,great inner city dog park trees grow taller provide shade awesome five star dog park theres enough room throw ball water fountains plenty fenced,,,Like,Share,en
https://lh3.googleusercontent.com/a-/ALV-UjWAG-2oNJYXgHvsm3REbs5yUOQmksDvh83PgTsKdl9JfuAkftUC9Q=w40-h40-p-rp-mo-br100,Tori Cat,10 reviews · 23 photos,2 years ago,great spot lots shade afternoon escape heat large enough big zoomies,,,Share,,en
https://lh3.googleusercontent.com/a-/ALV-UjXQWqWX2uVtPktZjr29ZH8A-SPUC2UT3oDqi2gH2iqXk0al9Dw=w40-h40-p-rp-mo-ba4-br100,Fabrizio Becce,Local Guide · 58 reviews · 114 photos,5 months ago,nice maintained dog park water benches good behaving dogs,,,Like,Share,en
https://lh3.googleusercontent.com/a-/ALV-UjUqTEhrcmbPQ3M6bbsR0yn-ZGNJXOnl8tZuCgYKlugW2-OgUBI=w40-h40-p-rp-mo-ba4-br100,Esterita Rosiana,Local Guide · 58 reviews · 115 photos,6 years ago,good dogs playing around dogs friendly atmosphere,,,Share,,en
https://lh3.googleusercontent.com/a-/ALV-UjUlleQrnDp44bjAd4ntWmqYpGAr46OtC7ijmt-mxoe3TFop4ud00g=w40-h40-p-rp-mo-ba4-br100,Bernadette Mckennedy,Local Guide · 85 reviews · 75 photos,2 years ago,love park im pretty new world ive net lovely people dogs sundays coffee ball bit sunshine winner,,,Share,,en
https://lh3.googleusercontent.com/a/ACg8ocJshzcIQEeVmcmcTpzrA2wnXp8zLIsUEJCkz6IlmX4CWa7N7A=w40-h40-p-rp-mo-ba5-br100,John Locke,Local Guide · 148 reviews · 804 photos,7 months ago,small chairs dog leash,,,Share,Like,en
https://lh3.googleusercontent.com/a-/ALV-UjWK1fPdu2GAgnSDITJUSSVuVL9G7FYdCck1ZQ7kd_dZu90p9sBF=w40-h40-p-rp-mo-br100,Claire bice,51 reviews · 9 photos,2 years ago,fantastic large area friendly people great facilities drinking fountains emptyable dog drinking bowls solar powered nightlights dogproof fences keep eye gates single gates double,,,,Share,en
https://lh3.googleusercontent.com/a-/ALV-UjWo7Gw5vyUXDwvJ5PaOaii99qCy49n1vjDn5_ZMQiGrwtTM2wDnAw=w40-h40-p-rp-mo-ba4-br100,Quinn,Local Guide · 68 reviews · 105 photos,2 years ago,fabulous dog park attracts really nice dogs shapes sizes get quite muddy winter rain sure wear wet weather shows coffee shop next door friendly parking readily available,,,Like,Share,en
https://lh3.googleusercontent.com/a/ACg8ocIrPbO-2DIt-xRRm0VRboKjHcN3_sYcCKjx5v_N2Xw0yo5a4Q=w40-h40-p-rp-mo-br100,BERND Ringel,5 reviews · 3 photos,a year ago,quite big shade poo bagsand nice people great dogs,,,Share,,en
https://lh3.googleusercontent.com/a-/ALV-UjXruxGh6qpHN-tIHU9OzCH-y9wb0o2f6J6iT8TcPiGjRVxkRTs3=w40-h40-p-rp-mo-ba4-br100,Preston M.,Local Guide · 173 reviews · 194 photos,a year ago,great place take dog completely fenced,,,Share,,en
https://lh3.googleusercontent.com/a-/ALV-UjU8pLg3m1_i2ggmx28gjKRP5OTpMZPh6oNuHw99fWvWeJnl9nMz=w40-h40-p-rp-mo-ba4-br100,Bethaney Hyatt,Local Guide · 77 reviews · 33 photos,3 years ago,great lead dog park plenty water bags gates secure dogs love coming play everyone super friendly well issue people bringing food eat dog park etiquette makes interactions difficult otherwise lovely dog park,,,Like,Share,en
https://lh3.googleusercontent.com/a-/ALV-UjU2CUg5cSnMtSVCF7OHSavlipqhH79CTA2KQcqtIld2oHua85Y5Qg=w40-h40-p-rp-mo-br100,Loki A. Noir,14 reviews · 2 photos,a year ago,good place take dog sometimes full small dogs usually nice mix sizes energy match dogs,,,Like,Share,en
https://lh3.googleusercontent.com/a/ACg8ocJSwHTaksQJJ7M86-pEdlSw3zkbU50bJ9UcpSq9FKvpmLo4iw=w40-h40-p-rp-mo-br100,Kevin Chiu,8 reviews,4 months ago,wouldnt recommend place many people including dog owners smoke drink,,,Like,Share,en
https://lh3.googleusercontent.com/a/ACg8ocKLUm-ep42qnlfBF2zOnfY8FlUienOp0Fm8AiF1Lb0Jg-u6Yw=w40-h40-p-rp-mo-ba4-br100,Chris Finn,Local Guide · 83 reviews · 12 photos,2 years ago,great dog park time friendly pups shapes sizes take fur baby park please watch carefully dog,,,,Share,en
https://lh3.googleusercontent.com/a-/ALV-UjXSlIq9arlb6mB3CLTSlrkzAOMu46pTEX_G7yWxNq4PWhqOBUA=w40-h40-p-rp-mo-ba3-br100,Andrew Chapman,Local Guide · 26 reviews · 33 photos,6 years ago,great friendly park lots dogs people alike great new puppies older types shade across edges park well maintained,,,Like,Share,en
https://lh3.googleusercontent.com/a/ACg8ocKGuEn1TcX5lfzXjV4fyB9Lhh66rCqYpp7-85a1bWiDExi18A=w40-h40-p-rp-mo-ba3-br100,Em C,Local Guide · 45 reviews · 25 photos,3 years ago,pros fully fenced people good dog owners look dogs accordingly pretty spacious good run around poo bagsbins water site taken dog since months old loves,,,,Share,en
https://lh3.googleusercontent.com/a-/ALV-UjW16GIruItwi9zHOQc4G9w3VSwIijbyiCFS6S7SaSgITF7-Lxk=w40-h40-p-rp-mo-br100,Robert Fairweather,33 reviews · 1 photo,3 years ago,great area let dog fun bad two legs either fair amount seating sit grass takes fancy need little careful people dont keep close eye dogs get droppings,,,Like,Share,en
https://lh3.googleusercontent.com/a/ACg8ocKqj6gn8Qjf9jXPY3Jlg99L8bHungm_JRRIjYEf_EW8H93V5g=w40-h40-p-rp-mo-ba6-br100,Darren Edwards,"Local Guide · 103 reviews · 1,124 photos",6 years ago,large fully fenced dog park lots friendly dogs socialise would nice owners would keep eye dogs instead letting run wild,,,,Share,en
https://lh3.googleusercontent.com/a-/ALV-UjUbXnvhXK6EkhG_BWb4djbOcBcF3NIFkc1PlnIOnADNCFZQ3RGZ=w40-h40-p-rp-mo-ba4-br100,David Muir,Local Guide · 90 reviews · 54 photos,4 years ago,people bring dogs miles around fun tiny chihuahuas great danes seem manage play together years ive park ive never seen fight amongst dogs wish humans could tolerant differences dogs,,,,Share,en
https://lh3.googleusercontent.com/a/ACg8ocICkUU9k6k3aifTc2UCz3uWEaFzSGQbb3F1Yc2sF_DqmTGCOVt3=w40-h40-p-rp-mo-ba3-br100,Fi Fi,Local Guide · 26 reviews · 75 photos,3 years ago,dozens times terrier always great time secure fences gates drinking fountains bins poo bag dispensers benches dogs come tend smaller size unpleasant encounters far,,,,Share,en
https://lh3.googleusercontent.com/a-/ALV-UjU53XAJSaohCHT-T_qG_E26zA5yAgaosENfZUt3AjSJEm7af9A=w40-h40-p-rp-mo-ba3-br100,Danny Lee,Local Guide · 28 reviews · 9 photos,a year ago,could better old owner big golden retriever could stop dog harrassing small dogs instead hes busy phone talking people,,,Like,Share,en
https://lh3.googleusercontent.com/a-/ALV-UjW4-VPkxEoDYUcJeX0Ry5KLeCvi3HQJXfpc1xygpT53g6g1qy9l=w40-h40-p-rp-mo-ba8-br100,Malcolm Young,"Local Guide · 2,017 reviews · 9,069 photos",4 years ago,doggo love em could local hang,,,Share,Like,pt
https://lh3.googleusercontent.com/a/ACg8ocJbtKUx1DRa2pWgqPU2iVJTpPzAyZktm9UWI1v_htzGwLxOHQ=w40-h40-p-rp-mo-ba4-br100,Fahad Qayyum,Local Guide · 150 reviews · 21 photos,2 years ago,one best dog parks plenty dogs tire dog enjoy sip coffee social chats plenty parking around,,,Like,Share,en
https://lh3.googleusercontent.com/a-/ALV-UjVT-IlZ93WXMed100Ts30adm5jrycrwvYWzr5dk9hM3CIdRzftS=w40-h40-p-rp-mo-ba6-br100,Graham Rodda,"Local Guide · 1,272 reviews · 3,161 photos",3 years ago,friendly fenced dog park suitable sizes rubbish bins water toilets road near woolworths paws coffee handy great food clean bags provided generally speaking owners right,,,,Share,en
https://lh3.googleusercontent.com/a-/ALV-UjWLZC3v-_pm6pHZfi8gVicC4eJxxl6JxTkJiq_5MNv7QQPuHNza=w40-h40-p-rp-mo-ba5-br100,Jeff Yates,Local Guide · 76 reviews · 625 photos,7 years ago,although local park really best dog park going around small enough keep eye wandering puppy large enough giveem good run fully fenced usually stocked poo bags,,,Like,Share,en
https://lh3.googleusercontent.com/a-/ALV-UjWiiVUSzA5x1n2SGQn0VeKD4h-xWJ-s42Rl6YAhsZvigN-Joscx=w40-h40-p-rp-mo-ba3-br100,Anna Truong,Local Guide · 30 reviews · 1 photo,4 years ago,great small dog park north melbourne many dogs dog socialise plenty water well waste bags use relatively clean enclosure well fenced definitely bring dog,,,Like,Share,en
https://lh3.googleusercontent.com/a-/ALV-UjWQu-RtTRznAjLy5_i0QfFJ_jKtSaP0bXgE8niLYHyd-fQJpADn=w40-h40-p-rp-mo-ba5-br100,John Gunn,"Local Guide · 110 reviews · 1,073 photos",5 years ago,dont dog best friend got cute little jug jack russel pug every single day want see bestie often find dog park didnt know community dog parks,,,,Share,en
https://lh3.googleusercontent.com/a/ACg8ocLbWrjCsruvZavm-nQ6ddi0Ms-oeK07Nr_GRc_sQPEbUS9G5g=w40-h40-p-rp-mo-ba3-br100,Ellen R,Local Guide · 21 reviews · 17 photos,3 years ago,great dog park would better everyone socialised dog properly picked facilities fantastic except holes fully fenced area water taps,,,,Share,en
https://lh3.googleusercontent.com/a-/ALV-UjUmDCb1WxOQp6aYCDmXlqLrkuDorsZSybhbbiXDHD4eRlpszezI7Q=w40-h40-p-rp-mo-ba5-br100,Jeff DeMaria,Local Guide · 481 reviews · 432 photos,4 years ago,great little dog park good sense community coming years much better theyve added new features trees pick poop pretty iffy watch step smaller park,,,Like,Share,en
https://lh3.googleusercontent.com/a-/ALV-UjWexCUSpU39uYqR84P-bCEysQLJnfQQGUcXSFLnGA173ZfM8yjD=w40-h40-p-rp-mo-ba3-br100,Selin,Local Guide · 43 reviews · 1 photo,6 years ago,love clayton reserve dog park think well kept however could minor upgrades double gates dog parks days signage acceptable behaviour owners arrive sit phones watching dogs often end harassing dogs,,,,Share,en
https://lh3.googleusercontent.com/a-/ALV-UjXB9mrGLLKGsnNmjcqM0Bda-VzwH2xb5YrGvjku4_taRHZuIkZlvg=w40-h40-p-rp-mo-br100,Chris Tsavdaris,99 reviews,3 years ago,lovely fenced park beloved dog although drinking facilities hygienic standards area dog drink time blocked therefore water dirty,,,,Share,en
https://lh3.googleusercontent.com/a/ACg8ocLbFkbe9H-9GTsw9UpaUUsnpFTvBAzYtCTOjWXx90BrMXZxZYwf=w40-h40-p-rp-mo-ba5-br100,Mel,Local Guide · 595 reviews · 816 photos,2 years ago,nice enclosed dog park bench seats bins poo bags water fountains big enough dogs runaround without losing sight,,,,Share,en
https://lh3.googleusercontent.com/a-/ALV-UjVTetyaQZsq1fQt5KyAEdr9AI1aLw0VbBITYSkMpjCMf8G0ZXbe=w40-h40-p-rp-mo-ba2-br100,Rishaya Reese,Local Guide · 18 reviews · 5 photos,5 years ago,large space plenty dogs work hours weekends plenty knowledgeable friendly dog owners great place pup run lighting could brighter night fair parking,,,Like,Share,en
https://lh3.googleusercontent.com/a/ACg8ocKUd_r15bhhLcYZJAbi2QkQLp-SU_qylZTJoVTVpzPPBuTFJA=w40-h40-p-rp-mo-ba4-br100,Jason Ellis,Local Guide · 70 reviews · 129 photos,10 months ago,great place let pooches run freely ample water poo bags bins trees finally maturing sand box filled recently although need watch holes poo picked disappointingly,,,,Share,en
https://lh3.googleusercontent.com/a/ACg8ocI7KbzTNrsVJpv0Me-_UE_Rsqs9tqIxhmZIiKQSPFHl61apxQ=w40-h40-p-rp-mo-br100,David Carlton,7 reviews,6 years ago,great offleash dog park melbourne city council needs fix broken gate nw corner maintain ground better,,,Like,Share,en
https://lh3.googleusercontent.com/a/ACg8ocKxvA9AtXSIeNf8Z7RFi9iNTCeaO7WnVsFV7oitE6OiET9mWg=w40-h40-p-rp-mo-ba2-br100,Syma Parvin,Local Guide · 11 reviews · 1 photo,4 years ago,amazing local dog park park filled lovely owners even better dogs grass get bit muddy bit rain easy try avoid,,,Like,Share,en
https://lh3.googleusercontent.com/a/ACg8ocIOZrzM5uEoR2LfsFU7fZ9bWJl7bbeelGBRH36rXIPDWl4B6A=w40-h40-p-rp-mo-ba3-br100,Mike Ramos,Local Guide · 30 reviews,5 years ago,great location inner city layout great water dogs strategically placed benches humans rest dogs owners always friendly would expect everyone dog lover,,,Like,Share,en
https://lh3.googleusercontent.com/a-/ALV-UjWrxU1zyJWQ9leoV_ZIFkd3qH2UNzCmyOhbyMGBSiQkyHbrUUd5=w40-h40-p-rp-mo-ba5-br100,Phillip Edward Ness,Local Guide · 210 reviews · 690 photos,4 years ago,dog id pretty pleased plenty dogs grass defecate please bring bags people lots space fly around like space cadet exhaustion overwhelms forced return home owners nap couch dream schmackos,,,Like,Share,en
https://lh3.googleusercontent.com/a-/ALV-UjX0JhL7Kux1M9-3yaRRmis1KnG1v6tDRckZEvfEcOkmULCO3f9d=w40-h40-p-rp-mo-ba3-br100,Destiny Slade-Nafoi,Local Guide · 36 reviews · 9 photos,a year ago,bring dog days week great dog park always lots friends dog play,,,Like,Share,af
https://lh3.googleusercontent.com/a-/ALV-UjXSKfPar5Qb0IjoJj_NGBbG1D8lwn5N-_nmP0FSMsTBJ26QRxbD=w40-h40-p-rp-mo-ba4-br100,Leli Abela,Local Guide · 120 reviews · 200 photos,4 years ago,great place socialising dogs,,,Share,Like,en
https://lh3.googleusercontent.com/a-/ALV-UjX4uXBF8cyavnyMft84-fU8xo8L8i9NZFR-V74MBu5hrLTE5EmL=w40-h40-p-rp-mo-ba4-br100,Natasha Ace,Local Guide · 112 reviews · 48 photos,4 years ago,love although times owners careless cleaning dogs worse leaving park unattended owners great dogs fantastic,,,,Share,en
https://lh3.googleusercontent.com/a-/ALV-UjW1oLhOVfdB4fArng9MAFqLvNfk4wLYJHNus95XwPUMhDwLg4fz3Q=w40-h40-p-rp-mo-ba4-br100,Padma Dorjee,Local Guide · 80 reviews · 30 photos,2 years ago,wonderful dog park watched lady fall straight back hit back head huge holes council monitor maintain special parks contribute injury,,,,Share,en
https://lh3.googleusercontent.com/a-/ALV-UjWpdqREs2tu0gA0z6rXfPK8nAPgLzw-Lkph7zI5Na_dCp-pxNyD=w40-h40-p-rp-mo-ba5-br100,Hayley Kennedy,"Local Guide · 270 reviews · 1,148 photos",8 years ago,great dog park spacious fenced dog bags water tap negative users need pick dogs guaranteed walk dog st especially night,,,Like,Share,en
https://lh3.googleusercontent.com/a-/ALV-UjWz6l_gQd8hEcuKwM4W9_k4sLJJcAquVTIphy6MIrEgMjCjwqnB=w40-h40-p-rp-mo-ba3-br100,adi parker,Local Guide · 40 reviews · 1 photo,5 years ago,play critters clayton reserve north mbut rain clouds came freezing breezebrrrrdiamond dog like cold breezeslol,,,Share,,en
https://lh3.googleusercontent.com/a-/ALV-UjWsME_cN2yezsI1v82is48OMNEmwzjwFCpX_ASxK5n0QaNQqvmf=w40-h40-p-rp-mo-ba5-br100,Jonathan Morton,Local Guide · 169 reviews · 170 photos,7 years ago,great walking dogs dogs ball together fully fenced poo bags available unfortunately everyone picks dog,,,,Share,en
https://lh3.googleusercontent.com/a-/ALV-UjWy1c-ujzFExtHXQZ84VRUnRhlpRyQLs8ky0jP6yd6Y1TepmC41=w40-h40-p-rp-mo-br100,Tiah Gray,11 reviews · 4 photos,10 months ago,amazing space dogs little frenchie absolutely loves coming,,,Like,Share,en
https://lh3.googleusercontent.com/a-/ALV-UjUUE-e-cTpfNdcTrwHrLokm-CS8-1Sr6KvIdOY1PcZBNq3gGTeQ=w40-h40-p-rp-mo-ba4-br100,Phillip McKenzie,Local Guide · 129 reviews · 101 photos,4 years ago,unexpected surprise middle north melbourne great got owners well dog lovers downside might lack shade necessary amenities water doggie dodo bags,,,Like,Share,en
https://lh3.googleusercontent.com/a-/ALV-UjVHgl4f0ce6sDPONEOktkNulmEa6tERMHsu0rYpZc_Q6XRxtDA=w40-h40-p-rp-mo-ba4-br100,Breanna smith,Local Guide · 109 reviews · 194 photos,2 years ago,great fully enclosed dog park bins available emergency poo bags benches spread sitting slight tree coverage shelters,,,Like,Share,en
https://lh3.googleusercontent.com/a-/ALV-UjWk2iHx5akGjgd_qRhPs3BGNRLi3qy8flxGidnLWY8vDcME8SYO=w40-h40-p-rp-mo-ba5-br100,Vishnu Nair,Local Guide · 84 reviews · 269 photos,6 years ago,small secure place pooches run around pretty safe small dogs maybe jump high pretty clean waters available,,,Like,Share,en
https://lh3.googleusercontent.com/a/ACg8ocK1q7ufNwdqsi8E8qUVCbaA_PuOBCTuy-ivAvk0El4oYhJIZA=w40-h40-p-rp-mo-br100,Gabriel Apel,1 review,4 years ago,beware aggressive man walks every work day aprox pm words looking excuse kick dog barks described bringing hammer dogs head barking first encounter guy great park otherwise,,,Like,Share,en
https://lh3.googleusercontent.com/a-/ALV-UjU9k-ZlSjg3XlVFXUVCXWWV_hlvLIpxAdkV-Ox-dAF09xMxxfIr=w40-h40-p-rp-mo-ba5-br100,Nell Bea,Local Guide · 362 reviews · 521 photos,3 years ago,great place take dog get used socialising dogstook dog first time though bit wary way took lead minutes humans pretty friendly,,,Like,Share,en
https://lh3.googleusercontent.com/a/ACg8ocJ3qyLs3uYjfzjzr6k2dTpwddXjxJCM6GkMHe8w9lFpSKyU_g=w40-h40-p-rp-mo-br100,starsign1962,4 reviews,7 years ago,took spoodle week find large dogs supposedly lost dogs home exercise run spoodle continually chased large dogs eventually attacked sheer terror made run towards,,,,Share,en
https://lh3.googleusercontent.com/a/ACg8ocLGepvvPOaPOjJwJUhQ-DrI1W1fi-1sH58O9iDLWWJgDf3tTXOl=w40-h40-p-rp-mo-ba4-br100,Shaun Lee,Local Guide · 60 reviews · 49 photos,3 years ago,spacious dog park fur kids run fulltilt making new friends theres woolies across street need get supplies,,,,Share,en
https://lh3.googleusercontent.com/a/ACg8ocKlz9psog--J4V2y4jVgBVl86_cqN4CsxFK35-umlv4WwmbhA=w40-h40-p-rp-mo-ba3-br100,Taleetha Hughes,Local Guide · 58 reviews · 14 photos,2 years ago,good dog park fenced owners dont pick dogs willing frustrating honours pooches great,,,Like,Share,en
https://lh3.googleusercontent.com/a-/ALV-UjWlSWhCvNWqtbqlCSIvVa8Ri_qD4pYKJZUrNCCV5Nc_1BkRDEU0ag=w40-h40-p-rp-mo-ba6-br100,Xennial travel time,Local Guide · 191 reviews · 575 photos,4 years ago,nice place bring doggo leash free walk careful people dont know handle big dogs especially around little dogs,,,Like,Share,en
https://lh3.googleusercontent.com/a-/ALV-UjUojCViiHupl2-1Ov_IOS_5Yx8idMVhbXyljg8P47yeFIkElz0Z=w40-h40-p-rp-mo-ba3-br100,Gregory B,Local Guide · 9 reviews · 4 photos,a year ago,great park would good playground dogs bags water supplied,,,Like,Share,en
https://lh3.googleusercontent.com/a-/ALV-UjX95qa6DZYWPxdg5URECRo8s2MaLVKabUvqK2T7wdbUZjQsxUjp=w40-h40-p-rp-mo-br100,Leonie Angela,223 reviews · 42 photos,2 years ago,nice walk around surrounding floodplain lovely native guns beautiful birds clayton reserve small park near road believe get doveton eumemmerring dufftown walked,,,Like,Share,en
https://lh3.googleusercontent.com/a/ACg8ocJI0Z7O9jn9NvD88UFRH40CGzoenueoWJnz6RNQTHxoREZh-Q=w40-h40-p-rp-mo-ba5-br100,Ngappa Briggs,Local Guide · 140 reviews,2 years ago,fenced dog park safety gates convenient location passing safe groodle run amok lead loves,,,Like,Share,en
https://lh3.googleusercontent.com/a-/ALV-UjWuXCR9r7txDQEQ4OMsPEfuDPwLz6xrrSrx-n9crHRAYefbDnJG=w40-h40-p-rp-mo-ba5-br100,Marco Fuentes,Local Guide · 280 reviews · 627 photos,5 years ago,place great place take dog plenty space play socialize dogs plus fully enclosed,,,Share,Like,en
https://lh3.googleusercontent.com/a-/ALV-UjV2nVcRTvD-NFlU_nrNDdd1s-t0qZ5TKaabL8pIL6s2S2DpT-wX=w40-h40-p-rp-mo-ba4-br100,Nicholas Dow,Local Guide · 99 reviews · 30 photos,3 years ago,small securely fenced ideal new family member teach recall friendly neighbourhood dog park,,,Like,Share,en
https://lh3.googleusercontent.com/a/ACg8ocLivsbaKucrVz-TGAkr_Bhwy96YV9IkcuqzVWBfe9HYGu3LIw=w40-h40-p-rp-mo-br100,David Gatt,90 reviews · 253 photos,3 years ago,nice clean park main grass areas open space friendly people responsible dog owners,,,Like,Share,en
https://lh3.googleusercontent.com/a-/ALV-UjV1DXam2tA76DqGgGZlfDlfF0qByhGDVd47GSEiEfs3PpI5mkx_7A=w40-h40-p-rp-mo-ba4-br100,Sergio Andres Galeano Peña,Local Guide · 71 reviews · 103 photos,2 years ago,beautiful place big spots dogs safe thanks fences perfect fur exercise,,,,Share,en
https://lh3.googleusercontent.com/a/ACg8ocJ8CInCQKbH4ttcrCpYtOy6dNiNZpqkYPQGXaUYpp4UOypONg=w40-h40-p-rp-mo-ba6-br100,Rebecca Wong,"Local Guide · 491 reviews · 6,215 photos",11 months ago,great dogs,,,Share,Like,da
https://lh3.googleusercontent.com/a-/ALV-UjUTnu8HdrkHIzkoI21wDBmlpL9-0myQjO-VrBGwLvMpij5pC9j2=w40-h40-p-rp-mo-ba3-br100,Jay,Local Guide · 47 reviews · 58 photos,2 years ago,went first time dog loved plenty dogs play next lost dog home friendly dogs great people chat,,,Like,Share,en
https://lh3.googleusercontent.com/a-/ALV-UjUR3rttbsqBhmtaqifEAxyTvNSr2_dCmGGDIKcV-rmaFDCwxeUk=w40-h40-p-rp-mo-ba4-br100,Benjamin Plummer,Local Guide · 47 reviews,3 years ago,great place bring dog let leed great seating area theres shelter bad weather aint bad,,,Like,Share,en
https://lh3.googleusercontent.com/a-/ALV-UjXFsLio4GzZ92pOksdT51xBQNcquYBr80ba3odQueID1dGN8iKp=w40-h40-p-rp-mo-ba2-br100,Lars Wannop,Local Guide · 13 reviews · 7 photos,4 years ago,probably best fenced dog park inner melbourne grass well maintained dogs friendly well socialised plenty big dogs little dogs,,,Like,Share,en
https://lh3.googleusercontent.com/a/ACg8ocJGJOaX7Ezn4T690HELUtb5AcbqG-MV7OIH9bxE6GwF7VQLYADj=w40-h40-p-rp-mo-ba2-br100,Fatema Hussain,Local Guide · 23 reviews · 3 photos,3 years ago,great place leash dog park pup loves across woolies super convenient,,,Like,Share,en
https://lh3.googleusercontent.com/a/ACg8ocLaJg-GgCv8NWfBAKEPdsybay-Zbq2g-0Vc4fhERtTRQ1Akbw=w40-h40-p-rp-mo-ba4-br100,Danielle Walker,Local Guide · 90 reviews · 20 photos,2 years ago,really great dog park good size fully fenced lovely people issue winter mud,,,Like,Share,en
https://lh3.googleusercontent.com/a-/ALV-UjVNCm9YyoV97tw3irw6wugaur6eLI-VAEXTyE0JCEhc4Vh3HdtboQ=w40-h40-p-rp-mo-ba4-br100,Fatemeh Moztarzadeh,Local Guide · 108 reviews · 92 photos,3 years ago,good place take dogs play fenced safe normally dogs,,,Like,Share,en
https://lh3.googleusercontent.com/a-/ALV-UjXKQV7BxLkLjT0RuwwYG70CyASsQmWJDqag4B_vAvvgiKL_8iVz=w40-h40-p-rp-mo-br100,Daniel Osegueda,16 reviews,3 years ago,bad spot dog park little small good people well behaved dogs,,,Like,Share,en
https://lh3.googleusercontent.com/a-/ALV-UjWs1tCgtgnD_G9MFXHcnLZLLXRKXEcbVr5jiXmlThRmdrs37MgYYQ=w40-h40-p-rp-mo-ba4-br100,Mas_Aus,Local Guide · 93 reviews · 45 photos,3 years ago,owners friendly looking dog safe fun park dog recommended,,,Like,Share,da
https://lh3.googleusercontent.com/a-/ALV-UjV1UxzQzIc4ywKdRGrMGF6jL8EVG42tSD3646D_ZbrtOhbtEl98Lw=w40-h40-p-rp-mo-ba4-br100,Frank Ziegler,Local Guide · 26 reviews · 149 photos,7 years ago,fully fenced many dogs good day great place take pooch lead run,,,Like,Share,en
https://lh3.googleusercontent.com/a/ACg8ocJLALX1MRqkzwgIFo4XwLR3tUzFC6LAjl2cjCAuyEl1jcnj4w=w40-h40-p-rp-mo-ba3-br100,Callum Andrew,Local Guide · 36 reviews · 7 photos,5 years ago,great enclosures area social dogs run around water bowls provided fountains,,,Like,Share,en
https://lh3.googleusercontent.com/a/ACg8ocIFSQGI-uqm1npRmBywk9jkvzMI3uDqVxC7EVLmyzPGdb-xpw=w40-h40-p-rp-mo-br100,Sayaka Hayashi,5 reviews · 3 photos,5 years ago,great park dog see people leave doggy poo everywhere,,,Like,Share,en
https://lh3.googleusercontent.com/a-/ALV-UjUY7UCJPiDR2XWkzAyykqk-TamUwh2YCWX9Vxqu52E3HJ4BPiKb=w40-h40-p-rp-mo-ba3-br100,Ronald Macfarlane,Local Guide · 46 reviews · 1 photo,2 years ago,well behaved dogs owners great community excellent play spot dogs sizes,,,,Share,en
https://lh3.googleusercontent.com/a-/ALV-UjUNK2hzpLprzjXAWAxLhhSahtCQRRJQwEljPHxd7vfotmsmaXC-7w=w40-h40-p-rp-mo-ba5-br100,T T,Local Guide · 173 reviews · 365 photos,8 years ago,nice place go dog let run people still dont collect dogs waste everywhere,,,Like,Share,en
https://lh3.googleusercontent.com/a-/ALV-UjVbhICbvdzC9nrbEyNnzfz2vlUkR5hDJTkuwlB_SxGij3bpBfvF=w40-h40-p-rp-mo-ba3-br100,Luke Davidson,Local Guide · 47 reviews · 15 photos,4 years ago,nice enclosed dog park water bowls heaps green grass lots friendly dogs,,,Like,Share,en
https://lh3.googleusercontent.com/a-/ALV-UjWPfqk2JZtAT2awrbzdCLfSVDhYqJfa3e9RCp_CKZ2r7WYbbqMKHg=w40-h40-p-rp-mo-ba3-br100,Adrian Horsman,Local Guide · 74 reviews · 54 photos,a year ago,great fenced offleash dog park,,,Like,Share,en
https://lh3.googleusercontent.com/a/ACg8ocLp_VGb6kOK6PskaAq8YjtvFPdmuo5Aj2ALdkif5AiRoeC5uw=w40-h40-p-rp-mo-ba3-br100,Hayley Stevens,Local Guide · 41 reviews · 75 photos,4 years ago,neat little dog park small dog section many seats entrances cafe nearby,,,Like,Share,en
https://lh3.googleusercontent.com/a-/ALV-UjUPNpFIxxozpjoDmfR71ZdT4VCYjbHAln9isXYOTyx5XRIkmHme=w40-h40-p-rp-mo-ba4-br100,Victoria Domingos,Local Guide · 92 reviews · 24 photos,5 years ago,great place fun dog friendly people pets dog loves going,,,Like,Share,en
https://lh3.googleusercontent.com/a-/ALV-UjUDHixZQWjaWl1M_F7okKSM1x9XQK4apeYV4dS8wOJKclWb4hY9=w40-h40-p-rp-mo-ba3-br100,Chen Chen,Local Guide · 28 reviews · 18 photos,4 years ago,great place dogs relax especially summer winter little bit mud less grass,,,Share,Like,en
https://lh3.googleusercontent.com/a-/ALV-UjW4e71AWVodcVFk81ap-mdfXbcFAoGuYpGwYYhfEVfVYDriGGMWnw=w40-h40-p-rp-mo-ba5-br100,J & D,Local Guide · 148 reviews · 10 photos,3 years ago,well fenced clean great size plenty seating amenities lots friendly people fur babies aaa,,,Like,Share,en
https://lh3.googleusercontent.com/a-/ALV-UjWUR_NY7sRjoGhzaOU7MuDyZ7EhUWVB8iBnu6-0lijiXbMWz-Jl=w40-h40-p-rp-mo-ba4-br100,AYO ITS “AYO ITS CAM” CAM,Local Guide · 156 reviews · 191 photos,2 years ago,clean alot open space always dogs around dog play chase,,,Like,Share,en
https://lh3.googleusercontent.com/a-/ALV-UjXWA88sRRlet9MDjswgwRXD5aDpVQ4dD4nK4wz14kprKiASTA7H=w40-h40-p-rp-mo-ba4-br100,Surendra bade,Local Guide · 33 reviews · 355 photos,4 years ago,best hang dog,,,Share,Like,da
https://lh3.googleusercontent.com/a-/ALV-UjWZElps277SD1ylehA07rAkhYWbEVXTsmqLOoadLvnR8ZAx5rjY=w40-h40-p-rp-mo-ba4-br100,Reece Russell,Local Guide · 96 reviews · 42 photos,7 years ago,small dog cant get shed want usually fun dogs people play,,,Like,Share,en
https://lh3.googleusercontent.com/a-/ALV-UjXRPcWIHk4R13w5LolrGOr0lDA-bPvO4qyM-36QyZRAhqXScLhY=w40-h40-p-rp-mo-ba5-br100,Le-man Nebby,Local Guide · 182 reviews · 298 photos,8 years ago,great place let dog run around leash fenced park plenty parking,,,Like,Share,en
https://lh3.googleusercontent.com/a-/ALV-UjWQTiNVZ_8Sja_cfiv3pN9QcBVRVZPJ-hLDRuMU41kB-aK5oLU=w40-h40-p-rp-mo-br100,Susan Susan,64 reviews · 47 photos,6 years ago,great little offlead park itll get vbusy apartments going across road live dog human patrons vfriendly,,,Like,Share,en
https://lh3.googleusercontent.com/a-/ALV-UjVYQOjbBmZNI5QK9swYzF5-VfgfMSp5gSBNoCwM43aLs5SB15u5AA=w40-h40-p-rp-mo-ba5-br100,Tracey Petersen-Esposito,Local Guide · 177 reviews · 523 photos,4 years ago,good inner city dog park spacious fenced council provides dog bags easy street parking,,,Like,Share,en
https://lh3.googleusercontent.com/a/ACg8ocIFuKp-JI9Z5cd9vjcQWwUI1sZoNJgu3RzvgT5f9mQeheaEZg=w40-h40-p-rp-mo-ba2-br100,Matthew Mc Grath,Local Guide · 10 reviews,4 years ago,perfect place dog lovers plenty room fur babies run around,,,Like,Share,en
https://lh3.googleusercontent.com/a-/ALV-UjXDBzA9fVlPS1SEyWm85rl9Jf06BbPlQsaY6jXGZ7-2gXAFePaVLg=w40-h40-p-rp-mo-ba4-br100,Bianca Paine,Local Guide · 70 reviews · 197 photos,6 years ago,love dog park great community fur friends owners friendly great facilities,,,,Share,en
https://lh3.googleusercontent.com/a-/ALV-UjXxA010194Pk_evCnawAmSBzhyd4_kZCshSBTm06zTSkxvGpuyBZQ=w40-h40-p-rp-mo-ba6-br100,Luis Aranguren,"Local Guide · 263 reviews · 1,003 photos",5 years ago,owners bring bigger dogs later evening days dont interact precious little fluffy ones,,,,Share,en
https://lh3.googleusercontent.com/a-/ALV-UjXE7ziyXRVjOKsxT9ArU86n9LMB5_1q_J4oFPxZuWBZ6RWxkYAt=w40-h40-p-rp-mo-ba3-br100,Adam Blackburn,Local Guide · 37 reviews · 1 photo,7 years ago,dogs love place owners responsibly fully fenced,,,,Share,en
https://lh3.googleusercontent.com/a-/ALV-UjVyOef5aoJ3nEVzogCfDhw_xCgFE9oclSO3RzYSC_wGeDjPDBLTsQ=w40-h40-p-rp-mo-ba3-br100,Jiuliana McKenzie,Local Guide · 82 reviews · 34 photos,a year ago,lovely dog park fur babies,,,Like,Share,no
https://lh3.googleusercontent.com/a-/ALV-UjXeLll4QfF0Dt6EXTHdwQ-VQ3ZAtPPTuoQ-ekyJ-0ASBIlhetg=w40-h40-p-rp-mo-ba2-br100,Christopher,Local Guide · 26 reviews,a year ago,ordered drink never came service terrible works well dog park,,,Like,Share,en
https://lh3.googleusercontent.com/a-/ALV-UjVWQojHkGaRVifHlbj_7tdugtlm2tCrDWYJZX09bqAjAzJ7T6XS=w40-h40-p-rp-mo-ba5-br100,Selena Rosier,Local Guide · 98 reviews · 650 photos,8 years ago,stopped cause area great dog park users need pick furbabies bit,,,Like,Share,en
https://lh3.googleusercontent.com/a-/ALV-UjX6omUKBf2fQD51Q67cAIspH8xwyxxF-2nqqO_ZeiwQ93tgdMAL=w40-h40-p-rp-mo-br100,Chris Vesty,560 reviews,3 years ago,social little dog park seats water rubbish bins plastic bags dog poo right across road woolworths,,,,Share,en
https://lh3.googleusercontent.com/a-/ALV-UjV2tk16JvDvNR3BwbYERx6TUSfpYRDH897M8wZBtSQeam8_IsZAnQ=w40-h40-p-rp-mo-ba6-br100,Jay,"Local Guide · 650 reviews · 1,249 photos",7 years ago,great little city dog park use whenever take dog vets across road,,,Like,Share,en
https://lh3.googleusercontent.com/a/ACg8ocLkbyLWljZ01Q4TyW5Si-PXlacuTbscRZgEc9a1j-J6i0BYMrs=w40-h40-p-rp-mo-ba4-br100,Kathy Pesavento,Local Guide · 90 reviews · 52 photos,7 years ago,great park walking letting dog lead great fencing,,,Like,Share,en
https://lh3.googleusercontent.com/a/ACg8ocK3ln9kBSY1Swm46hN2VxfffbR5C1K_qppV86up_aqFQH2ErQ=w40-h40-p-rp-mo-ba4-br100,Elijah Wade,Local Guide · 107 reviews · 22 photos,a year ago,grate dog park fully enclosed,,,Like,Share,en
https://lh3.googleusercontent.com/a-/ALV-UjWxSTgPOYOc8mXyF60q6rWituE22edecZUH0qEBWTCdM9REaj6V=w40-h40-p-rp-mo-ba2-br100,Lisa Lisa,Local Guide · 28 reviews,5 years ago,food staff nice comes patrons st vinnies food bans pack mere chimpanzees,,,Like,Share,en
https://lh3.googleusercontent.com/a/ACg8ocL3QVXC8_sWqUFRRIIyMHPKkgBl-3vgjMBw9Kb-7ghEGbsAyvJc=w40-h40-p-rp-mo-ba4-br100,Evan Melbourne,Local Guide · 160 reviews · 14 photos,2 years ago,popular little dog park plenty pooches best friend play,,,Like,Share,en
https://lh3.googleusercontent.com/a-/ALV-UjUS3_jzw4FYKy_CYJQgss4xaIrORvhBPE1EjLbehWo5-GOcUKMQOA=w40-h40-p-rp-mo-br100,gruff,76 reviews,7 years ago,favourite leash dog park melbourne soooooooooooo friendly great park,,,Like,Share,en
https://lh3.googleusercontent.com/a/ACg8ocJeNZQHU7Bv571zGy6E2Nb8Mhq98J7WgUuIdGKWjAQ8P0j_yA=w40-h40-p-rp-mo-ba3-br100,Amanda Holten,Local Guide · 78 reviews,5 years ago,great fun kids running track older ones beaut place hang family accommodates children ages,,,Like,Share,en
https://lh3.googleusercontent.com/a/ACg8ocK3pC-BwjA5s3aOcDCsWc5XL3ZiSoSu9CdcO9znYSX6hqLBTA=w40-h40-p-rp-mo-br100,Wolfgang Henry,12 reviews,5 years ago,great open space water dog bags etc loads fun always furry friend,,,Like,Share,en
https://lh3.googleusercontent.com/a/ACg8ocJ0OliM5jirVIWjkp-neUtGerzdxpYfP5RF-sJP9sB74YGHww=w40-h40-p-rp-mo-br100,paul dunn,53 reviews · 44 photos,a year ago,plenty room small dog get fence,,,Like,Share,nl
https://lh3.googleusercontent.com/a-/ALV-UjUjN5lyjwXDasdCMNo2S6yFgaBGDJ5KLorz97ftoe-Xcc3hyTP9WQ=w40-h40-p-rp-mo-ba4-br100,Sarah Hartree,Local Guide · 172 reviews · 38 photos,6 years ago,great clean park let dogs lead,,,Like,Share,en
https://lh3.googleusercontent.com/a-/ALV-UjWbhB8RxcoIQsDgey2cCNYrR1YT25H5C1w-TR3Ss_su2mejOOU=w40-h40-p-rp-mo-br100,Speeding Storm,14 reviews,3 years ago,easy relax crowded tons fun dog,,,Like,Share,en
https://lh3.googleusercontent.com/a-/ALV-UjVJTmRPy4JClfSRj2PiclO9WMj_RVkeqIkHVsdCLd_HFkLtuUQ=w40-h40-p-rp-mo-br100,Lopez Lopez,4 reviews,4 years ago,puppy happy playing park highly recommend,,,Like,Share,en
https://lh3.googleusercontent.com/a/ACg8ocJbhgUhcB6jxQwMHtV9M_bUEh8BWCX6wMIRllVWYhoa-yQyhw=w40-h40-p-rp-mo-ba3-br100,Kody Bullock,Local Guide · 26 reviews,7 years ago,great fenced park dog run wild socialize,,,Like,Share,en
https://lh3.googleusercontent.com/a-/ALV-UjUgmaJCmjo0Jn6eRZEtNm2-zqQqq046jmACsJ7E40NLOgEB0xVm=w40-h40-p-rp-mo-ba3-br100,Pauline Woolcock,Local Guide · 33 reviews · 39 photos,3 years ago,good lead dog park wonderful variety dogs,,,Like,Share,af
https://lh3.googleusercontent.com/a/ACg8ocJAcG4c2sibgb3QO5-ZiV8M5_Yz8pynap_Kz6vhoVunMWDryA=w40-h40-p-rp-mo-br100,Ranald Houston,1 review,3 years ago,great variety well behaved friendly dogs owners,,,Like,Share,en
https://lh3.googleusercontent.com/a-/ALV-UjW0ssLXnr6Bn9r1vVELlk6zeR-_tT5J34pxI1b62lfivIc0p7X3=w40-h40-p-rp-mo-ba4-br100,Rob Canning,Local Guide · 179 reviews · 103 photos,7 years ago,good park single entry gates problem lot dogs,,,Like,Share,en
https://lh3.googleusercontent.com/a-/ALV-UjXh6Ht4y0p9KF7FDyoHWxcen-Pi7bSsbaa_OVUZ36a0odi41_i9vQ=w40-h40-p-rp-mo-ba2-br100,Aidan,Local Guide · 14 reviews · 6 photos,5 years ago,excellent fenced social dog park gets quite busy,,,Like,Share,ca
https://lh3.googleusercontent.com/a-/ALV-UjVWu0mv7S4nI9PviNxkuBOy0oLXoZOKEgl3w8NElgh36RKb2WJPwA=w40-h40-p-rp-mo-ba5-br100,Romeo,Local Guide · 364 reviews · 173 photos,5 years ago,nice place bring dogs enjoy playing,,,Like,Share,en
https://lh3.googleusercontent.com/a/ACg8ocKlwHmNrun0BarHdGZjm0xYDhje8gcV745Uc91ByWSoWgcxaw=w40-h40-p-rp-mo-ba4-br100,Daniel,Local Guide · 57 reviews · 13 photos,5 years ago,great little offleash park plenty space still eyesightearshot,,,Like,Share,en
https://lh3.googleusercontent.com/a/ACg8ocLUckYZcxq9F_glLAZ7EA4bDPn8MoVrDGTRmBtErAN-F7CUDg=w40-h40-p-rp-mo-ba3-br100,Tim Larsen,Local Guide · 16 reviews · 17 photos,6 years ago,usually lots dogs completely fenced bins poop bags provided although rarely restocked,,,Like,Share,en
https://lh3.googleusercontent.com/a/ACg8ocLVblAYWa9lFLZ2tAfDHAEuqzfpxjatbfx2sqbiBatMfH2Q5A=w40-h40-p-rp-mo-ba3-br100,Jewellz Gemz,Local Guide · 63 reviews,2 years ago,great place bring pooch fun socialising,,,,Share,en
https://lh3.googleusercontent.com/a-/ALV-UjUg6qbRrSYRAULsYmYM3aOP8JrboIWaiYdIxo4cse3p7wySkryK=w40-h40-p-rp-mo-ba4-br100,Maggie C,Local Guide · 102 reviews · 68 photos,3 years ago,fully enclosed dog park maintained well,,,Like,Share,en
https://lh3.googleusercontent.com/a-/ALV-UjUlg0tNHZ2vh4B18y-O_mCUjSkxZeF3ByiWG5eVlOJXyValzHM=w40-h40-p-rp-mo-br100,Filomena Gilbert,4 reviews,7 years ago,one favourite parks bring dogs run,,,Like,Share,no
https://lh3.googleusercontent.com/a/ACg8ocLZlbmsyxuwsq13xcWjAOU2ImOW-hUxxiGlXH3OhAnyg01pmA=w40-h40-p-rp-mo-ba3-br100,Ben Vucan,Local Guide · 86 reviews · 1 photo,5 years ago,really really good pizza service excellent aswell average wait time max,,,Like,Share,en
https://lh3.googleusercontent.com/a-/ALV-UjXreSc42dZ3pwAR-Emgtg6q05f54iQMuThXdcfWXcEJY3ktCA8H4A=w40-h40-p-rp-mo-ba3-br100,Harish Sundar,Local Guide · 28 reviews · 34 photos,5 years ago,happy dog place,,,Share,Like,nl
https://lh3.googleusercontent.com/a/ACg8ocLNtiAoqF-TMnxqqCYJLc8_gLmWqqpWBMbcxq6-mJrqx7lsgg=w40-h40-p-rp-mo-ba3-br100,Richard C,Local Guide · 41 reviews · 36 photos,5 years ago,well setup dog park get busy maybe dogs,,,Like,Share,da
https://lh3.googleusercontent.com/a/ACg8ocJwCBf0OjOmDSAwruKOldfUTaweO55VDccDQvB5xtuB2OjCGA=w40-h40-p-rp-mo-ba3-br100,Sarah Rouse,Local Guide · 17 reviews,7 years ago,great dog park fully fenced,,,Like,Share,en
https://lh3.googleusercontent.com/a/ACg8ocJ5vcGzDtX3i-0-QyZZYUOrq0sZ5gC4R7EcBgDND2rC2VRWPA=w40-h40-p-rp-mo-ba7-br100,Cliff Shipton,"Local Guide · 863 reviews · 5,614 photos",6 years ago,good facility dogs watch poos,,,Like,Share,en
https://lh3.googleusercontent.com/a-/ALV-UjVILHCz_eTYMVCD0AHUh1qCIntsfqlAVF2dB36pKAP9Q9Zp5b4=w40-h40-p-rp-mo-ba4-br100,Peter,Local Guide · 95 reviews · 2 photos,4 years ago,well organised dog park well natured dogs,,,Like,Share,af
https://lh3.googleusercontent.com/a-/ALV-UjXmCFotCDBRceG52K1DUE0ROmrX5itasTivMpzANFmc1mxSioFd=w40-h40-p-rp-mo-ba5-br100,Michael Baxter,Local Guide · 273 reviews · 289 photos,5 years ago,like take kids said theres much poo park nobody picks anymore,,,Like,Share,en
https://lh3.googleusercontent.com/a/ACg8ocJ4ECHV4_oQG1_D98RAZz8pUE3JIzkpUGUmFqOovmIaRBlDfg=w40-h40-p-rp-mo-br100,Ian Andrew,24 reviews,3 years ago,friendly atmosphere poo bags bins available,,,Like,Share,en
https://lh3.googleusercontent.com/a-/ALV-UjUCDApLuicmVyu6-weT7ZQ775Kxiawuu2DsJr6IWsw-Dyyvsb6EYA=w40-h40-p-rp-mo-ba4-br100,Lohita Goonatilleke,Local Guide · 96 reviews · 10 photos,5 years ago,great place dogs enjoy,,,Like,Share,nl
https://lh3.googleusercontent.com/a/ACg8ocKV1LpvxUaB7onAncD2zq59Dht_VE8qHuAW78XvDbGS0aTx0w=w40-h40-p-rp-mo-br100,Jessie-Christopher-Thomas Gibson,10 reviews · 1 photo,5 years ago,spacious park amongst trees local people great dusk dawn,,,Like,Share,en
https://lh3.googleusercontent.com/a-/ALV-UjWHOu5PncyyAoK3Lr2e41H9_d1hRxkllZxCYTaQEEn-8S5tYZx72Q=w40-h40-p-rp-mo-br100,Mengjie Liu,12 reviews,6 years ago,dog excited see many friends,,,Like,Share,en
https://lh3.googleusercontent.com/a-/ALV-UjUFaWtH4gjMsUmlRvwQeMYxZSeGqhspq68svqNjJE1YPJhMlGg=w40-h40-p-rp-mo-ba5-br100,John Laslett,Local Guide · 565 reviews · 270 photos,6 months ago,great dogs,,,Like,Share,da
https://lh3.googleusercontent.com/a-/ALV-UjWF4JO-vhTnEpTQg6u_5EgPKoJs5d0i_mQt-kLA2n7hTv7PtZ8sag=w40-h40-p-rp-mo-br100,Darren Pauli,145 reviews · 108 photos,7 years ago,fenced well kept area seats taps loads dogggggos,,,,Share,en
https://lh3.googleusercontent.com/a-/ALV-UjUAOznBnV1i06bLdeENnUyzntvnhYuhmeDRD2_DqneLBQlndEf8ig=w40-h40-p-rp-mo-ba4-br100,Brad “Bluey” Weir,Local Guide · 189 reviews · 20 photos,7 years ago,nice area walk dog,,,Like,Share,pl
https://lh3.googleusercontent.com/a-/ALV-UjU3_GKTcNXs4UsLJVT60sGdTFGpYdLlIduUjs1Dpw0t8y0a06-n=w40-h40-p-rp-mo-ba2-br100,Lovers Sassy Gifts North Melbourne,Local Guide · 33 reviews,2 years ago,needs seperation small big dogs,,,Like,Share,da
https://lh3.googleusercontent.com/a/ACg8ocJwzanJ5EDemg20e2hD5kQ3LNmzqFEErLDyUa1EoMQtcs2wxg=w40-h40-p-rp-mo-ba2-br100,Glenn Kennedy,Local Guide · 22 reviews · 12 photos,6 years ago,owners peanuts fantastic,,,Like,Share,en
https://lh3.googleusercontent.com/a-/ALV-UjVkCOV1EVKgnvqDSdyrNBrp5KE-Zs8bDQEN7JHdF0ESI_-PZ6ax=w40-h40-p-rp-mo-ba4-br100,BY C,Local Guide · 118 reviews · 15 photos,4 years ago,owners dont pick pets,,,Like,Share,en
https://lh3.googleusercontent.com/a-/ALV-UjV6vzmpEwidBPirz6jsPXu7bHFIfmXcjRyKXZh2m36BBEKuZWc=w40-h40-p-rp-mo-br100,MrSilver Stag,15 reviews · 1 photo,5 years ago,great environment dogs people,,,Like,Share,da
https://lh3.googleusercontent.com/a/ACg8ocLbjVRPnQMokUc3q8oV7g_JSD0HByRBfSz4XPS_ZI9dgMbTMw=w40-h40-p-rp-mo-ba4-br100,Catherine Cakewalk,Local Guide · 35 reviews · 111 photos,6 years ago,local dog park gets busy days,,,Like,Share,en
https://lh3.googleusercontent.com/a-/ALV-UjUSke8I_H5PMwAmWsz-_G6Z_HCUPTdLdbJ4LV4Qs5YWYJja5Lyw=w40-h40-p-rp-mo-ba5-br100,Bruce Frame,Local Guide · 241 reviews · 7 photos,2 years ago,great place share time dogs,,,Like,Share,en
https://lh3.googleusercontent.com/a/ACg8ocJugA209owwhBeUfaIigpFdy5caL5uQftZPY4UR7HQrllIhS5s=w40-h40-p-rp-mo-ba4-br100,Michael Currie,Local Guide · 70 reviews · 6 photos,2 years ago,mate billy rates place get sniff disgusting things,,,Like,Share,en
https://lh3.googleusercontent.com/a/ACg8ocJsdPlP82fNhkr0G3n2pYh8mTORhW6F7E5Gt2WFxSs-WxMLzg=w40-h40-p-rp-mo-ba3-br100,Maximus,Local Guide · 45 reviews,4 years ago,great park furbaby,,,Like,Share,da
https://lh3.googleusercontent.com/a-/ALV-UjU0eil1cVT-g3AtHN1JF1L_l-lyW7ZVfEcdN2kioITST9W9j6bO=w40-h40-p-rp-mo-ba6-br100,Jake Mullane,Local Guide · 636 reviews · 739 photos,7 years ago,dog park flies issue people forget dog park,,,Like,Share,da
https://lh3.googleusercontent.com/a/ACg8ocL-LJjDziawgmFVXRcLzXt7t1IALfoTgpU9tAcDBwi517xV_g=w40-h40-p-rp-mo-ba4-br100,Jeff M,Local Guide · 161 reviews · 61 photos,5 years ago,didnt visit drove nearbyabout metres away,,,Like,Share,en
https://lh3.googleusercontent.com/a-/ALV-UjXitH-NXIIComqWlv1E4yTpGJXmzP2-Oy2h5kc8_Nv6JVkZukur=w40-h40-p-rp-mo-ba5-br100,Catherine Siluca,"Local Guide · 118 reviews · 1,276 photos",5 years ago,ok parkjust gets crowded alot,,,Like,Share,en
https://lh3.googleusercontent.com/a-/ALV-UjWZCwWReRNBNETKgNMGsA5rqW0uCkKncoDdgBPCOEzkvjFNsqcYWQ=w40-h40-p-rp-mo-ba4-br100,Darwin Tjokro,Local Guide · 124 reviews · 138 photos,2 years ago,great doggos friendly neighbours,,,Like,Share,en
https://lh3.googleusercontent.com/a-/ALV-UjWNF1Wvi9tycqLT5PLfgDx7AddTb5lrbpCmVlCAxrhdOTPyZXtB=w40-h40-p-rp-mo-ba2-br100,Jessie-Khria Gibson,Local Guide · 16 reviews,5 years ago,food van comes lost wallets,,,Like,Share,en
https://lh3.googleusercontent.com/a-/ALV-UjXdPFbrQnX0f9aoqEgHF1qhNYz5ruQgYvSthLc7pLcx-b_7lWgaJA=w40-h40-p-rp-mo-ba5-br100,Moe Sharif,Local Guide · 308 reviews · 377 photos,2 years ago,great park occasions,,,Like,Share,en
https://lh3.googleusercontent.com/a-/ALV-UjWAGCrn964GAROngCgpF9oM2NGebqYMR0_tztNhHu9cSJACzP9L=w40-h40-p-rp-mo-br100,Juan Toscano,24 reviews,8 years ago,awesome four legs friends,,,Like,Share,en
https://lh3.googleusercontent.com/a-/ALV-UjUFtN8V-MLEPCN_iara-jfcQM5SPr9g7jf4dhF4KBSWCSdEo2Y=w40-h40-p-rp-mo-ba4-br100,Tommy Lewis,Local Guide · 93 reviews · 41 photos,5 years ago,fantastic dog park,,,Like,Share,it
https://lh3.googleusercontent.com/a/ACg8ocKARkL4V0aR_i8vkiEIACQw-7OjBZcskekGmecevpESUTEOzQ=w40-h40-p-rp-mo-br100,Kylie Walker,2 reviews,5 years ago,friendly dog park,,,Like,Share,da
https://lh3.googleusercontent.com/a-/ALV-UjVk5eHvI40z0OdUxuBjkTBxNtxq-Z5gnhBi1x2wFWXdxXrhusUJ=w40-h40-p-rp-mo-ba4-br100,Rhece Moore,Local Guide · 89 reviews · 97 photos,4 years ago,awesome space,,,Like,Share,en
https://lh3.googleusercontent.com/a/ACg8ocLc7yMfpa2jN_FQ-zGTGvqC-2vWwre4wBvArjQeLXU9KPpsOw=w40-h40-p-rp-mo-ba4-br100,陳法拉（Cat3）,Local Guide · 102 reviews · 4 photos,2 years ago,course came let dogs loose following came let blood feed mosquitoes,,,Like,Share,en
https://lh3.googleusercontent.com/a-/ALV-UjWg-lg5BNucMZe9VoIi7qHk_W0ntSObz2isq_WG3_vgA6fbZvbf=w40-h40-p-rp-mo-br100,Deanne Van Zanten,1 review · 6 photos,4 years ago,nan,,,,,en
https://lh3.googleusercontent.com/a-/ALV-UjVBGgUIAjLKcbKacxlZH6RjoZuiDd_2CK84WYX-0q3sxqkGp24V=w40-h40-p-rp-mo-ba3-br100,Andrew Wyse,Local Guide · 17 reviews · 90 photos,3 years ago,nan,,,,,en
https://lh3.googleusercontent.com/a/ACg8ocId8p42303gvcyzopZ9Nw-0rt0GhYC0vquPMMnH1LgXjf83yh4=w40-h40-p-rp-mo-ba3-br100,Will Venning,Local Guide · 55 reviews · 25 photos,7 years ago,nan,,,,,en
https://lh3.googleusercontent.com/a-/ALV-UjW9TeCy5dhpLM_WnslEvlPy-7E5Z8azZQds0-tA7wyiMyJdc0Q=w40-h40-p-rp-mo-br100,Mathilda Hsu,9 reviews · 8 photos,3 years ago,nan,,,,,en
https://lh3.googleusercontent.com/a-/ALV-UjUPBoqjNnPGH1ezjBy-bBr3OewJrFUtRrTk9Oy9gpkys-NKqz4Z=w40-h40-p-rp-mo-ba4-br100,Damian May,Local Guide · 5 reviews · 156 photos,3 months ago,nan,,,,,en
https://lh3.googleusercontent.com/a-/ALV-UjXUrNkCLYJFrfYo_phqjOL3lBTvJB_ksuSOqiL3xCVk7zjWslm5=w40-h40-p-rp-mo-ba4-br100,Toby James Foster (Trí Tâm),Local Guide · 120 reviews · 134 photos,3 months ago,nan,,,,,en
https://lh3.googleusercontent.com/a/ACg8ocLali2NufD-BJOQ1vpgaAff1K5eZ3VyzPT2sf9G2hN34v6wB51Z=w40-h40-p-rp-mo-ba6-br100,Shmuel Kaye,"Local Guide · 63 reviews · 2,437 photos",3 months ago,nan,,,,,en
https://lh3.googleusercontent.com/a-/ALV-UjXmRW-5bR0vIsn_dRpMIvQ5t4xviBw2QW8AJGkD88hzv3mBVcs5=w40-h40-p-rp-mo-br100,Lian Jie Ly,4 reviews · 1 photo,7 months ago,nan,,,,,en
https://lh3.googleusercontent.com/a/ACg8ocJwJXyyFJloLx76TvQz69LfX1WM8uqokPusaMXYM-RLNw5sgw=w40-h40-p-rp-mo-br100,Simone Castelli,1 review,8 months ago,nan,,,,,en
https://lh3.googleusercontent.com/a/ACg8ocLnUwTjV17EPqM7jEZM0ce62XWyrqyuPZQHnvL-aogIQH4RCw=w40-h40-p-rp-mo-ba4-br100,Jerry Uy,Local Guide · 35 reviews · 240 photos,8 months ago,nan,,,,,en
https://lh3.googleusercontent.com/a/ACg8ocLmrY8UfDvaMZGBBRTD_t4NNKWnDg2TqgkLsu-ihkakWtXKWA=w40-h40-p-rp-mo-br100,Axel Archenti,14 reviews · 2 photos,9 months ago,nan,,,,,en
https://lh3.googleusercontent.com/a-/ALV-UjVkpJIFIw1yfPJBIKkcaojFe80vzBFx08VFv9wEUAz9f63m8sec=w40-h40-p-rp-mo-br100,Myron Jackomos,2 reviews · 1 photo,10 months ago,nan,,,,,en
https://lh3.googleusercontent.com/a-/ALV-UjWn9hxB9C8dxvCoHDVJOzSmHfATLZ_LCSKFPYnOop6BrRi6MxvG=w40-h40-p-rp-mo-br100,Mel Harrington,1 review,11 months ago,nan,,,,,en
https://lh3.googleusercontent.com/a-/ALV-UjXHQHjpCXW6a8BNyY_H1EGvIBd1cGlEbF2WMc3sQEsc_F0wwje0Ag=w40-h40-p-rp-mo-ba4-br100,Paul Webb,Local Guide · 40 reviews · 280 photos,a year ago,nan,,,,,en
https://lh3.googleusercontent.com/a/ACg8ocIDW_zwEQpiIzFjaZd-wGY97R4iASVjLbZU7Qyj_sMNx1Zmcg=w40-h40-p-rp-mo-ba3-br100,Michelle Shao,Local Guide · 32 reviews · 3 photos,a year ago,nan,,,,,en
https://lh3.googleusercontent.com/a-/ALV-UjUUvfoWP6Dwt1Gv913jDUECzgn1hIlGIBSLf8uP4mJZT6wAO87VYg=w40-h40-p-rp-mo-ba4-br100,Terence Mak,Local Guide · 126 reviews · 350 photos,a year ago,nan,,,,,en
https://lh3.googleusercontent.com/a-/ALV-UjUaubKiZethZ7DJHC-0szSEO6kR5LYSsCzRh6hT2XRD-x62vszg=w40-h40-p-rp-mo-ba3-br100,Tina Nguyen,Local Guide · 25 reviews · 26 photos,a year ago,nan,,,,,en
https://lh3.googleusercontent.com/a-/ALV-UjXJHQHyowLKfUkcMTcRbAyIxw2qaSxLBA8CtvveIS8LHXBDon3QWg=w40-h40-p-rp-mo-br100,Pooja Dhiman,3 reviews,a year ago,nan,,,,,en
https://lh3.googleusercontent.com/a-/ALV-UjUuBd8_FDvKlO7KoaMZX4HHcWLurqANAT6NVEOrSYYtBfDQAA49hw=w40-h40-p-rp-mo-ba4-br100,Claire Best,Local Guide · 70 reviews · 98 photos,a year ago,nan,,,,,en
https://lh3.googleusercontent.com/a-/ALV-UjUhZez2GaB8omrKeF7nRs60nywLUxJJSDsAmKEFInqpaV1YDEeY=w40-h40-p-rp-mo-ba3-br100,Aaron Bertram,Local Guide · 32 reviews,a year ago,nan,,,,,en
https://lh3.googleusercontent.com/a-/ALV-UjU1ShAienhZ4DqBiwtVloFQfYOyqnLXGwhHda6R-wZ0PQ6CTLC4=w40-h40-p-rp-mo-ba4-br100,David Portelli,Local Guide · 82 reviews · 114 photos,a year ago,nan,,,,,en
https://lh3.googleusercontent.com/a-/ALV-UjXBEGcVkHz67i-CqSGkKLHkG0v6Hid5ez6H275Yn5tIu2JjUu2K=w40-h40-p-rp-mo-ba3-br100,Troy Ballantyne,Local Guide · 13 reviews · 37 photos,a year ago,nan,,,,,en
https://lh3.googleusercontent.com/a-/ALV-UjVASN3oqFjOENYMmDc68q1Y70r1yMapXnKb8Jm5KWrgClYI2fl9=w40-h40-p-rp-mo-br100,Travis P,6 reviews,a year ago,nan,,,,,en
https://lh3.googleusercontent.com/a-/ALV-UjU4zcBhahXVpyRrtoPqDsV3TMxUAuNgtwjn1Iqrrw_soHOspmMl=w40-h40-p-rp-mo-br100,Kent Dave Gonzales,17 reviews,a year ago,nan,,,,,en
https://lh3.googleusercontent.com/a-/ALV-UjVc6yVFp-eudk_jB0ZVIDRA9IXU8LWVMiH1RW83uTHaNuUNjbd8gg=w40-h40-p-rp-mo-ba3-br100,Paul Tabone,Local Guide · 33 reviews · 37 photos,a year ago,nan,,,,,en
https://lh3.googleusercontent.com/a-/ALV-UjWddJTq7t-0aZtFwVhtyxdNByLTckjKv5ug00Dfc5qyCOn3gp5V=w40-h40-p-rp-mo-ba4-br100,Yazz,Local Guide · 45 reviews · 6 photos,2 years ago,nan,,,,,en
https://lh3.googleusercontent.com/a/ACg8ocJYiqBti-pEgyeoyC4RcoK57BVB7-TSGdP1FYOLNY0Sf8Hw6w=w40-h40-p-rp-mo-ba4-br100,Alexis sanchez,Local Guide · 21 reviews · 166 photos,2 years ago,nan,,,,,en
https://lh3.googleusercontent.com/a-/ALV-UjWNk1DF-p11tLhRFQUtTDZwDuBQ1bBqegXaG1EbClR8MxEvThdw=w40-h40-p-rp-mo-ba3-br100,M TJ,Local Guide · 30 reviews · 23 photos,2 years ago,nan,,,,,en
https://lh3.googleusercontent.com/a/ACg8ocKXHBMlbaQV6yu-W9tm14-vxDNsbdptL-beavNRUyOxsNPcRg=w40-h40-p-rp-mo-br100,guylim lee,5 reviews · 2 photos,2 years ago,nan,,,,,en
https://lh3.googleusercontent.com/a-/ALV-UjVWxe2NEXdIJTr2pxR6YfETwyvuCJ0b_1mmmZvsqWoT6FsUzKeelw=w40-h40-p-rp-mo-ba4-br100,Darsan Menon,Local Guide · 34 reviews · 358 photos,2 years ago,nan,,,,,en
https://lh3.googleusercontent.com/a-/ALV-UjWuxf5t96InN3V7djxDeLenyGNe2c9Hjse0c9lGILFoismanG8t=w40-h40-p-rp-mo-ba4-br100,Abdullah Chechen (Aytek),Local Guide · 39 reviews,2 years ago,nan,,,,,en
https://lh3.googleusercontent.com/a/ACg8ocIMUCoSBficJ-d1Q2K_iZzkZID6Bbx1XKMaHEZAINL0tO4BRg=w40-h40-p-rp-mo-br100,Piya,8 reviews · 6 photos,2 years ago,nan,,,,,en
https://lh3.googleusercontent.com/a-/ALV-UjW57uvBTB2VxXmasMSTDkRVjmJJUiaPC1Qw3lr-xlv5klh2wZL0=w40-h40-p-rp-mo-ba3-br100,Jessica Maylinda Prasetyo,Local Guide · 20 reviews · 38 photos,2 years ago,nan,,,,,en
https://lh3.googleusercontent.com/a-/ALV-UjWHvnaHG0IxzJ1nkCa12-21DZcB4yrlMfD1hMKEOaWpvaF4ZVSE=w40-h40-p-rp-mo-ba5-br100,Stuart Boyd,"Local Guide · 130 reviews · 1,012 photos",2 years ago,nan,,,,,en
https://lh3.googleusercontent.com/a/ACg8ocK0zD-ues8BIEzEg03IT_ekkmCOf05xYESt6oARMvIqXCNsNg=w40-h40-p-rp-mo-ba4-br100,Brett Kerr,Local Guide · 106 reviews · 12 photos,2 years ago,nan,,,,,en
https://lh3.googleusercontent.com/a-/ALV-UjX_PRQy07496rAcpcvkZrgM5KvPn-t2OCHv6G1peesUSt0kxpge=w40-h40-p-rp-mo-ba2-br100,Cris Sa,Local Guide · 28 reviews · 5 photos,2 years ago,nan,,,,,en
https://lh3.googleusercontent.com/a/ACg8ocJnp7RCOfh7vdXhh18KaTEb3Qs4uJ7fOPl6Gm-Uc3REh0DZfw=w40-h40-p-rp-mo-ba2-br100,Rieley Pyne,Local Guide · 12 reviews · 1 photo,2 years ago,nan,,,,,en
https://lh3.googleusercontent.com/a-/ALV-UjUsmiTcv-a-rXi784MuMc5yknerX2M0_UVSFenFTFIWi38y79mw_Q=w40-h40-p-rp-mo-ba3-br100,Keefe Chan,Local Guide · 33 reviews,2 years ago,nan,,,,,en
https://lh3.googleusercontent.com/a-/ALV-UjXnNUKWfWRUosE9BykERNN9J9f8r8FNOHSm-cQqFb0_pvM9VcE3=w40-h40-p-rp-mo-ba3-br100,Tarryn Stratton,Local Guide · 33 reviews · 3 photos,2 years ago,nan,,,,,en
https://lh3.googleusercontent.com/a-/ALV-UjXMaTH39Kikl6EgoVjufxZ4U1T9dUzRC03hFaLK2mmKXDn-BXua=w40-h40-p-rp-mo-br100,Rin,5 reviews,2 years ago,nan,,,,,en
https://lh3.googleusercontent.com/a/ACg8ocK9Y0HbLG216rftjUqSqkLdQYEwqy6ofMUYyRx6sh_MK3Gs6A=w40-h40-p-rp-mo-ba3-br100,Scott Langdon,Local Guide · 6 reviews · 52 photos,2 years ago,nan,,,,,en
https://lh3.googleusercontent.com/a-/ALV-UjXuzwxk2S7TOwv5lZtLxr5__Ov5O3ddqGFHkNJa6UT1YSbJXq0=w40-h40-p-rp-mo-ba3-br100,Adrian Jackson,Local Guide · 52 reviews · 7 photos,2 years ago,nan,,,,,en
https://lh3.googleusercontent.com/a-/ALV-UjWXzN9VQvtWnrQWtPTSQjvHrV-4EPWHcCbQ-qzgT3k_5sXBbpBH_g=w40-h40-p-rp-mo-ba4-br100,Sean Mullins,Local Guide · 146 reviews · 132 photos,2 years ago,nan,,,,,en
https://lh3.googleusercontent.com/a-/ALV-UjUoWSqOPtb5p_67cWJN_vAKfbrOAaqrZzv9n_dPeBRwqmsNCAeV=w40-h40-p-rp-mo-ba5-br100,Julie Nguyen,Local Guide · 117 reviews · 709 photos,2 years ago,nan,,,,,en
https://lh3.googleusercontent.com/a-/ALV-UjVnxwiAhzLN3Tg1YOYqFOKoRqMsREbc1SpyqjteGiycpMa0g_sm=w40-h40-p-rp-mo-ba4-br100,Mohsen Bin Ali M (THE WONDER),Local Guide · 161 reviews · 47 photos,2 years ago,nan,,,,,en
https://lh3.googleusercontent.com/a-/ALV-UjW9CbzdIy6NeaCZyNOpKOgNG2yaQHwT0tT_giU1zO1BJNImkEbN=w40-h40-p-rp-mo-ba6-br100,Manoj Mohan,"Local Guide · 46 reviews · 7,391 photos",2 years ago,nan,,,,,en
https://lh3.googleusercontent.com/a/ACg8ocJOB8TjijC_0r391c1e0G6d8Y_uymuMucTqyLelxBFwgsAHtA=w40-h40-p-rp-mo-ba2-br100,darryl andrews,Local Guide · 11 reviews · 8 photos,2 years ago,nan,,,,,en
https://lh3.googleusercontent.com/a-/ALV-UjWb0XM4xsdfIXVIp9fZ6HSbWegKRLW84CmNJZn3eHXzKjvZdAEn=w40-h40-p-rp-mo-br100,Justin Parker,7 reviews,2 years ago,nan,,,,,en
https://lh3.googleusercontent.com/a/ACg8ocLkMtc9r-ululs6oxlj9uGCRDS-2uYyROCQ_0V3T_SCizWtLQ=w40-h40-p-rp-mo-ba5-br100,Giovanni Conserva,Local Guide · 32 reviews · 75 photos,2 years ago,nan,,,,,en
https://lh3.googleusercontent.com/a-/ALV-UjUmxKRDe4Glwmd9kKxtZXTz45L1aEethhLe-6tHjDMAOVjJnZ_dvA=w40-h40-p-rp-mo-ba5-br100,Carl George,Local Guide · 233 reviews · 728 photos,2 years ago,nan,,,,,en
https://lh3.googleusercontent.com/a/ACg8ocKHTGYrpd6MKjkSk00LQAloL3XYwsiIYwQpHWgEg0AOY7PFSg=w40-h40-p-rp-mo-br100,Sean Harrop,4 reviews · 1 photo,2 years ago,nan,,,,,en
https://lh3.googleusercontent.com/a/ACg8ocLophz1xdEQ6wwK2thDeLgAq7bQkNZwRkUDUKoJ52XQSZ5ZIg=w40-h40-p-rp-mo-br100,Steven Shen,7 reviews · 12 photos,2 years ago,nan,,,,,en
https://lh3.googleusercontent.com/a/ACg8ocLoxRDiC4pbqGNOPSdRFss4rO3R8jMCMZ1miU8tdfS3mubTZQ=w40-h40-p-rp-mo-ba4-br100,Luther Kelada,Local Guide · 55 reviews · 157 photos,3 years ago,nan,,,,,en
https://lh3.googleusercontent.com/a-/ALV-UjVW0ws8iUjcOLNOdwBUQQGpHF7fzqmoLLC2hjF-Whhzc8-JhepQ=w40-h40-p-rp-mo-br100,Hayley Palmer,9 reviews,3 years ago,nan,,,,,en
https://lh3.googleusercontent.com/a-/ALV-UjWRlhx32C61ccsmlywLWDq35Vb0pLtzMNAtCSFLhhsYBO4pK1g=w40-h40-p-rp-mo-br100,mohamed Salah,,3 years ago,nan,,,,,en
https://lh3.googleusercontent.com/a/ACg8ocKg2-qU6dc5W3T_6dY9BpYQqjEOBMOiA-6d8HTU-N67TNpAHA=w40-h40-p-rp-mo-ba4-br100,Chris Perry,Local Guide · 116 reviews · 60 photos,3 years ago,nan,,,,,en
https://lh3.googleusercontent.com/a/ACg8ocKxZUVWxUljD1WThEquXeBSx4QDWhBj07HJjTFQsKFNfs-2JA=w40-h40-p-rp-mo-ba3-br100,Dorothy Ng,Local Guide · 17 reviews · 30 photos,3 years ago,nan,,,,,en
https://lh3.googleusercontent.com/a/ACg8ocI5X3ZePcVl9nN4vgAzwg5TAY_p6L2W0anCQhjHIdWgMy0s4Q=w40-h40-p-rp-mo-ba2-br100,Gresha Maskey,Local Guide · 4 reviews · 16 photos,3 years ago,nan,,,,,en
https://lh3.googleusercontent.com/a-/ALV-UjXCk3urxTcMvPpIyT1pUmsR57PQc_iiz1DAJgLAyYygzmNCZikW=w40-h40-p-rp-mo-br100,Marissa D'rozario,7 reviews · 13 photos,3 years ago,nan,,,,,en
https://lh3.googleusercontent.com/a-/ALV-UjUgpnbCvksEIlNnU8uVXxvG27_qEYf97VD-AYkxIQye6Dn09bnu=w40-h40-p-rp-mo-br100,Sarah Webber,25 reviews · 1 photo,3 years ago,nan,,,,,en
https://lh3.googleusercontent.com/a/ACg8ocL36sguP2n3HAHP_4qK5oTjr-FyBk9HeQ30kT5XoQF0b_UQew=w40-h40-p-rp-mo-br100,Gia Ab,3 reviews · 3 photos,3 years ago,nan,,,,,en
https://lh3.googleusercontent.com/a/ACg8ocKMlpM29ExeREmbVOrPfl4Ve0cIGB5yxBU-Qz_OXGDM5lwJ0A=w40-h40-p-rp-mo-br100,Leo Roberts,,3 years ago,nan,,,,,en
https://lh3.googleusercontent.com/a-/ALV-UjUSjz_ezkGJSAiBaSAtRSrVMqWMAI6VsihwIfkPg-mQKvDTZNiYow=w40-h40-p-rp-mo-ba4-br100,Sam Swain,Local Guide · 45 reviews · 190 photos,3 years ago,nan,,,,,en
https://lh3.googleusercontent.com/a-/ALV-UjUlzSPKR34BEOlhUo2sk_8TB7Xx_hLZKbSKzvj7cUwj9Z5AfFTQ=w40-h40-p-rp-mo-ba2-br100,Jake Barker,Local Guide · 25 reviews · 11 photos,3 years ago,nan,,,,,en
https://lh3.googleusercontent.com/a-/ALV-UjW0GzOZDjlIGbRgHYVrTwuUOIW6cUgyo_hJP5Acg1FCiiqc5usBKQ=w40-h40-p-rp-mo-ba2-br100,Deep Singh,Local Guide · 2 reviews · 30 photos,3 years ago,nan,,,,,en
https://lh3.googleusercontent.com/a-/ALV-UjX2UocoYiU8qOZht-_bnIvrdhZMdmxQ6lTC7LH8l0v922vDRfIY=w40-h40-p-rp-mo-br100,張玥,6 reviews · 9 photos,3 years ago,nan,,,,,en
https://lh3.googleusercontent.com/a/ACg8ocK0IKi1-qNQ5Zn9JquN2t3Tcj0RXpZ4HFUvyKLOmTWZmkrYIQ=w40-h40-p-rp-mo-ba2-br100,Joe Pan,Local Guide · 20 reviews · 3 photos,3 years ago,nan,,,,,en
https://lh3.googleusercontent.com/a/ACg8ocK2a4M-NkMxmSgxpBHOy2TkWQpJox6JspaRAPbTY1594HJmJg=w40-h40-p-rp-mo-ba2-br100,Zoe W,Local Guide · 23 reviews · 5 photos,3 years ago,nan,,,,,en
https://lh3.googleusercontent.com/a-/ALV-UjUeV9Fhch9vrHb0OSreyRbuk3C8lpSDIJBacmL8Xgyt-_YNcDU=w40-h40-p-rp-mo-br100,Premium Puffer,2 reviews · 3 photos,3 years ago,nan,,,,,en
https://lh3.googleusercontent.com/a-/ALV-UjXCvuXF3Kt8ZgJD5aQamylm1kCehzJDvbLOmu_5NTgjcgaEiiy5rg=w40-h40-p-rp-mo-ba4-br100,Shafagh Ghose,Local Guide · 51 reviews · 22 photos,3 years ago,nan,,,,,en
https://lh3.googleusercontent.com/a-/ALV-UjWERVHt09-AMmIH9YWPW7pxVbBhxY4ZqAqmB2o9MnjGvg6Ka_Yt9w=w40-h40-p-rp-mo-ba3-br100,Astrid Stenson,Local Guide · 43 reviews · 4 photos,3 years ago,nan,,,,,en
https://lh3.googleusercontent.com/a-/ALV-UjWgHZ1T4uv2-xOKihuHDA3XhhhPkI7omjYA4bBdbEC1Ss2UyZeyIQ=w40-h40-p-rp-mo-ba3-br100,Ross Genovesi,Local Guide · 22 reviews · 18 photos,3 years ago,nan,,,,,en
https://lh3.googleusercontent.com/a-/ALV-UjVRQH0rq7bDGu5Rnnand_hOA1U8U3E6VmmknIDzKt330cRuYrQy=w40-h40-p-rp-mo-ba3-br100,Lukas Parker,Local Guide · 53 reviews,3 years ago,nan,,,,,en
https://lh3.googleusercontent.com/a-/ALV-UjW7u4NnIwsLoeBzJmoCStfoT71LSARd10YD5pJAzGo3QT5AsULP=w40-h40-p-rp-mo-ba3-br100,Ranjit Krishnadas,Local Guide · 2 reviews,3 years ago,nan,,,,,en
https://lh3.googleusercontent.com/a-/ALV-UjVqsHZh-SsNz-o2tLW6iKlikxGkCyoyxgBQBGDp8VUFZwr-D9YT=w40-h40-p-rp-mo-br100,james priest,5 reviews,3 years ago,nan,,,,,en
https://lh3.googleusercontent.com/a/ACg8ocJdI2uKF63NHCI3L5lYfLgukNFcBQWK2rBzrtccIqo4iH-W2A=w40-h40-p-rp-mo-ba2-br100,Nick Graham,Local Guide · 21 reviews · 6 photos,3 years ago,nan,,,,,en
https://lh3.googleusercontent.com/a-/ALV-UjWtzbxkI1WwebnanZBy6d1GOEVDiLLjDfsOX4_SZJxXURRchdjC=w40-h40-p-rp-mo-br100,Édouard Tsao,7 reviews · 1 photo,3 years ago,nan,,,,,en
https://lh3.googleusercontent.com/a-/ALV-UjUayosmxyN9QiktOefHsIcPktLDx7exjY6L4KqsIg-zZiX3fu1A=w40-h40-p-rp-mo-ba5-br100,David Lam,Local Guide · 102 reviews · 965 photos,3 years ago,nan,,,,,en
https://lh3.googleusercontent.com/a-/ALV-UjXyqVFRmzFp_mm3S1ZuS3XzLEPS2ZKoCHY9QvkXCl40qjjzQkMvbw=w40-h40-p-rp-mo-ba3-br100,Courtney,Local Guide · 74 reviews · 17 photos,3 years ago,nan,,,,,en
https://lh3.googleusercontent.com/a-/ALV-UjXje3QxWTBxZG16bZLBXD4BjhfmQP45jaTqZ1vkLncIQ6rCbD7y=w40-h40-p-rp-mo-ba2-br100,Nicole Julian,Local Guide · 15 reviews · 3 photos,3 years ago,nan,,,,,en
https://lh3.googleusercontent.com/a-/ALV-UjU5hHH8Jys82Zr_Fnmf9S0GAB3SvRve3gxR8Fp_fcyJ6qM9D0yM=w40-h40-p-rp-mo-br100,Wilson Staples,,3 years ago,nan,,,,,en
https://lh3.googleusercontent.com/a-/ALV-UjXQlEpXyRW-IWqW2azJoY0a0N9PtxowaKoyzfK78CRzIPV_ZWqv8A=w40-h40-p-rp-mo-ba5-br100,Nathan Hutchison (ncreen_same),Local Guide · 164 reviews · 416 photos,3 years ago,nan,,,,,en
https://lh3.googleusercontent.com/a-/ALV-UjVYBo9tRXlonS_GCpmQWG_DKBoGmyZtt_uNzwgJpNhX83SPtieB=w40-h40-p-rp-mo-ba3-br100,Paranormal Pieces,Local Guide · 36 reviews · 24 photos,3 years ago,nan,,,,,en
https://lh3.googleusercontent.com/a/ACg8ocISqdx0yBvt7Yj6NsfQPWt5KJ6Q1gU_NcXYXjpO3424mTtGXg=w40-h40-p-rp-mo-ba3-br100,Louisa Herbert,Local Guide · 32 reviews · 8 photos,3 years ago,nan,,,,,en
https://lh3.googleusercontent.com/a-/ALV-UjVQZ4Mjl_VcMoMYeXfWoUZ5nrWrAX0f8jhDtQWBHiSsW9C1kH8V=w40-h40-p-rp-mo-br100,Vanessa Marino,6 reviews,3 years ago,nan,,,,,en
https://lh3.googleusercontent.com/a/ACg8ocL9BdLwNmxRIcnXgpzPj-VMUV1W_s8FkxADODYV6UJQIWoz=w40-h40-p-rp-mo-ba3-br100,Sourabh Ghose,Local Guide · 27 reviews · 2 photos,3 years ago,nan,,,,,en
https://lh3.googleusercontent.com/a/ACg8ocL48bkoRKMkUuL1grHMAtRoOFEEgPBT_IsquTnAQ2Yyr9lIng=w40-h40-p-rp-mo-ba2-br100,John El-Khoury,Local Guide · 4 reviews,3 years ago,nan,,,,,en
https://lh3.googleusercontent.com/a-/ALV-UjXdYPv5ggHCKRCD2byGqKDcY_2-RdJUmKuQmNHkJDzwmrHGdgRPDA=w40-h40-p-rp-mo-br100,Ronny Andrade,7 reviews · 5 photos,3 years ago,nan,,,,,en
https://lh3.googleusercontent.com/a-/ALV-UjWLyV8ZfzGYWRkCZwSFgMvMqMPsFRE74z0vETKyaj9EapnMtkuZzg=w40-h40-p-rp-mo-ba5-br100,Carolina Aggio,"Local Guide · 214 reviews · 1,090 photos",3 years ago,nan,,,,,en
https://lh3.googleusercontent.com/a-/ALV-UjWFvwAd9gmDzxHLvnkfgKQVweN5ttDfv0hAFIt3_IrGoyj4As1a=w40-h40-p-rp-mo-ba3-br100,Martina De Zilva,Local Guide · 29 reviews · 3 photos,3 years ago,nan,,,,,en
https://lh3.googleusercontent.com/a-/ALV-UjXRhb0CflKNzn2IoAggad0qgTN4ZTRYeTTkgTVIRnnn_7dWKmg=w40-h40-p-rp-mo-br100,Anthony Harris,19 reviews · 1 photo,3 years ago,nan,,,,,en
https://lh3.googleusercontent.com/a/ACg8ocIyCyRh09y12shJp95kxJL5GG3nwO0XhtDNcrSE71ExMIV8Sg=w40-h40-p-rp-mo-br100,Zachary Softley,,3 years ago,nan,,,,,en
https://lh3.googleusercontent.com/a/ACg8ocK12UtaS8BQvv4AFPeKM5lcMQuJZvvM1Zea-qND2-vpCaYCKA=w40-h40-p-rp-mo-br100,Eris Henderson,6 reviews · 1 photo,4 years ago,nan,,,,,en
https://lh3.googleusercontent.com/a/ACg8ocLRDg9LRuxvIttIEQAB3xpLPZ_iER9vwhZdm8-MMVlrPzItmA=w40-h40-p-rp-mo-br100,Gilhyun Na,,4 years ago,nan,,,,,en
https://lh3.googleusercontent.com/a/ACg8ocKIZYBimOsXPoiM3_4dtmBTbDaLMm3_RPMHwd9oIdpm2RAzWw=w40-h40-p-rp-mo-br100,dani l,19 reviews · 1 photo,4 years ago,nan,,,,,en
https://lh3.googleusercontent.com/a/ACg8ocJxGfxzD_2Zc2VG4sNEI4IGhA1P5TV9LbJAc7P1rGp7EqyK=w40-h40-p-rp-mo-br100,Leyla Bakan,,4 years ago,nan,,,,,en
https://lh3.googleusercontent.com/a-/ALV-UjWwC4TwKmHjNMfukoX4Y3pZBGwfk2bJxdU1MNIUYFMfrcgKHoRNgA=w40-h40-p-rp-mo-ba2-br100,Owen Burton,Local Guide · 7 reviews · 2 photos,4 years ago,nan,,,,,en
https://lh3.googleusercontent.com/a/ACg8ocKTU7docrNpN5Z-7Tv5KIe0I_7hxLjlEjuSVHeIJKw6skrBbg=w40-h40-p-rp-mo-br100,Garth Ashby,2 reviews,4 years ago,nan,,,,,en
https://lh3.googleusercontent.com/a-/ALV-UjXusKyBkvevAuft0YRqi7HxNQYMYJgLE6Von-Ch4mrHWZ5ylyIl=w40-h40-p-rp-mo-ba2-br100,Scott Kennedy,Local Guide · 11 reviews,4 years ago,nan,,,,,en
https://lh3.googleusercontent.com/a/ACg8ocILmlv3VAS_FIa2CT5Zux_0OL7c9VwR3NJK0GRgTqRg3sx2kQ=w40-h40-p-rp-mo-br100,Aaron Harvey,,4 years ago,nan,,,,,en
https://lh3.googleusercontent.com/a-/ALV-UjVTCknSLe9m_xNI_q799bZ0uxidNynCOJ745rQhN5a55f_pHXFk=w40-h40-p-rp-mo-br100,Ararso Ali,2 reviews · 1 photo,4 years ago,nan,,,,,en
https://lh3.googleusercontent.com/a-/ALV-UjWBPISdZUji-o08Z612mL4zldAumdf407U23bn6RnIsQl9ZX2vC=w40-h40-p-rp-mo-ba4-br100,Engin Cosgun,Local Guide · 82 reviews · 10 photos,4 years ago,nan,,,,,en
https://lh3.googleusercontent.com/a/ACg8ocKwPKHUoBCT3wBs0dA5Wl4BK9LM3zN0O9lMTcdBvwx4HxhT0g=w40-h40-p-rp-mo-ba2-br100,Ragh Rathore,Local Guide · 15 reviews · 14 photos,4 years ago,nan,,,,,en
https://lh3.googleusercontent.com/a-/ALV-UjWn4jUKLKVLRkQOpaZX4A63wURXVh_kP_E9LjEcbsao9oFO1GY=w40-h40-p-rp-mo-br100,Vanessa Mora,2 reviews · 11 photos,4 years ago,nan,,,,,en
https://lh3.googleusercontent.com/a/ACg8ocJU74lyO8V-YWlNaRNpd0Qj1fqwiYBeiklsHJGerihatcKs3w=w40-h40-p-rp-mo-ba4-br100,Debbie Pietersen,Local Guide · 84 reviews · 7 photos,4 years ago,nan,,,,,en
https://lh3.googleusercontent.com/a/ACg8ocI_GbCzgMSNzEvUvtHYJtEx1ASJsAyjtE1AoW2-whPttkRIEA=w40-h40-p-rp-mo-br100,Andrea Burgess,1 review · 7 photos,4 years ago,nan,,,,,en
https://lh3.googleusercontent.com/a-/ALV-UjUipqWHRKWSFCUFM1JlGPnANc0ZdfS6UDd5YzbrMYvoX9ven5dp=w40-h40-p-rp-mo-ba4-br100,Anthony,Local Guide · 240 reviews · 64 photos,4 years ago,nan,,,,,en
https://lh3.googleusercontent.com/a-/ALV-UjWli038lYRDiiuhqreC3o60OEnQnQKMD4n7nHUSa_2Aad7GUpOs=w40-h40-p-rp-mo-br100,Karina Middleton,39 reviews · 1 photo,4 years ago,nan,,,,,en
https://lh3.googleusercontent.com/a/ACg8ocKAMiMOCPhw_Lf1RUHTTeAbKgAPb2ojdk2nYMU2vcQ1IKHYOA=w40-h40-p-rp-mo-ba3-br100,Shaun Fagan,Local Guide · 23 reviews,4 years ago,nan,,,,,en
https://lh3.googleusercontent.com/a-/ALV-UjXPqjwWu_VHIQrZDvUegqenHWh03Tx49x3CbAYnEATeQ6C0uYub=w40-h40-p-rp-mo-ba4-br100,Julian Russo,Local Guide · 100 reviews · 548 photos,4 years ago,nan,,,,,en
https://lh3.googleusercontent.com/a/ACg8ocIrcyIivQILsTyLZJ6FbtFBGze4g1eYets_KWq7jhXttuwc0w=w40-h40-p-rp-mo-ba2-br100,Joseph Lawrence,Local Guide · 25 reviews,4 years ago,nan,,,,,en
https://lh3.googleusercontent.com/a/ACg8ocIeny8zsHXDFW6n3azKqBu_O4TX3VGcrk19oQyORYtWog30WHYQ=w40-h40-p-rp-mo-ba2-br100,Adam Roggero,Local Guide · 4 reviews · 16 photos,4 years ago,nan,,,,,en
https://lh3.googleusercontent.com/a-/ALV-UjU9FhOE8aTXma2kGGxlOpmOs4aMOd23UMot1MLut1Eh4_9GWMI=w40-h40-p-rp-mo-ba2-br100,Jessica Hayley,Local Guide · 17 reviews,4 years ago,nan,,,,,en
https://lh3.googleusercontent.com/a-/ALV-UjUr3rTvGHP5GkPqm-r1HMzrmfI0y-eM6oPJEXdwK823XIVeIwDX=w40-h40-p-rp-mo-ba3-br100,Yusuf Husen,Local Guide · 34 reviews · 16 photos,4 years ago,nan,,,,,en
https://lh3.googleusercontent.com/a-/ALV-UjV8EvU0A4aVgwQTpo5p65rR2z3koCA6mwWctGqjRyPOOkOPm6_u=w40-h40-p-rp-mo-ba7-br100,Dennis Götz,"Local Guide · 392 reviews · 2,992 photos",4 years ago,nan,,,,,en
https://lh3.googleusercontent.com/a/ACg8ocKl210zINaI4zKCp3knB0VvquenGxNSPSR4IBV9N6Z4CuXUYQ=w40-h40-p-rp-mo-ba2-br100,Dale Soper,Local Guide · 3 reviews · 2 photos,4 years ago,nan,,,,,en
https://lh3.googleusercontent.com/a-/ALV-UjUjHbheZRmeN46OS9s0Upp-Zm6nfgXK0Ys2OfOOEAdFeKG-h_fL=w40-h40-p-rp-mo-ba3-br100,Masum Hussain,Local Guide · 9 reviews · 185 photos,4 years ago,nan,,,,,en
https://lh3.googleusercontent.com/a/ACg8ocJvAGm0SWatk-6FMV957fpxh6IGZIlP7AkX6qFK0QRk9ok_dA=w40-h40-p-rp-mo-ba3-br100,Chin Wong,Local Guide · 9 reviews · 5 photos,4 years ago,nan,,,,,en
https://lh3.googleusercontent.com/a-/ALV-UjXkaYpaAKBuTjL9X_YKHyQgiEKk7VwcWjdzJxUqXdb1umOOJwFN=w40-h40-p-rp-mo-ba3-br100,Paul Kogler,Local Guide · 44 reviews,4 years ago,nan,,,,,en
https://lh3.googleusercontent.com/a-/ALV-UjXtTVqEd3wT_WunV3Ebcr1ZXHJbu_e85xsejfER4zPIoYndl8E=w40-h40-p-rp-mo-ba3-br100,Duncan Henderson,Local Guide · 32 reviews,4 years ago,nan,,,,,en
https://lh3.googleusercontent.com/a/ACg8ocLLE3rj_uLb32J2d-rSKgOjc0HvM0yTAuven22FZbLYIWyLCw=w40-h40-p-rp-mo-ba4-br100,kuang yang,Local Guide · 42 reviews · 128 photos,4 years ago,nan,,,,,en
https://lh3.googleusercontent.com/a/ACg8ocJUC796Q2Y6cD3D8XBvmKz5yXPezbc6d9mFkLECrRyeDmXPyA=w40-h40-p-rp-mo-br100,baz tan,13 reviews,4 years ago,nan,,,,,en
https://lh3.googleusercontent.com/a-/ALV-UjVpk4hLLUM6vbu-wk-zPlO39vFFS0GLWJaOjx8UrvwNk9bM2o-O=w40-h40-p-rp-mo-ba4-br100,Kate F,Local Guide · 157 reviews · 12 photos,4 years ago,nan,,,,,en
https://lh3.googleusercontent.com/a/ACg8ocLn8zdxpElFh8CMa0GktTKGADpQ_ax7HQVLKILziMJGKESgDg=w40-h40-p-rp-mo-ba4-br100,Shaun Soraghan,Local Guide · 49 reviews,5 years ago,nan,,,,,en
https://lh3.googleusercontent.com/a/ACg8ocJe24bcL7-09NnQWtajtJuZ7Mx-1LJlfFfqsZSgnS9s4V23Jg=w40-h40-p-rp-mo-br100,maddy lovi,7 reviews · 2 photos,5 years ago,nan,,,,,en
https://lh3.googleusercontent.com/a-/ALV-UjWotiIZpvUuFqhlccGNq-MyqFGsu0EwDGpOfpTLXtS6DgRnR5BTWw=w40-h40-p-rp-mo-ba2-br100,Chris Abletez,Local Guide · 6 reviews · 3 photos,5 years ago,nan,,,,,en
https://lh3.googleusercontent.com/a-/ALV-UjVJ_EQL-53VthG6iAefVpCANtnBd7eNWm4UFbvK7xKgZhkFgEX3WA=w40-h40-p-rp-mo-ba2-br100,Vincent Y,Local Guide · 10 reviews · 14 photos,5 years ago,nan,,,,,en
https://lh3.googleusercontent.com/a-/ALV-UjUEDw2_CF4p9HqrtnNwcBOEtt4I0Lmb1xulmK6QxLzb0ljyGv3x=w40-h40-p-rp-mo-ba6-br100,Caglayan Cag,"Local Guide · 172 reviews · 3,513 photos",5 years ago,nan,,,,,en
https://lh3.googleusercontent.com/a-/ALV-UjWQbNRrQ2st-LM4k1wXX_DjE3r9S9o_OrbY_pXQVl3AYySRQfDe=w40-h40-p-rp-mo-ba2-br100,Matt Prigent,Local Guide · 16 reviews · 2 photos,5 years ago,nan,,,,,en
https://lh3.googleusercontent.com/a-/ALV-UjUMdpw6EwU_BXhaopX4tXrAbbKwBws9c4yIsRHfdrJe0-GmhMr7=w40-h40-p-rp-mo-ba4-br100,John Godfrey,Local Guide · 136 reviews · 169 photos,5 years ago,nan,,,,,en
https://lh3.googleusercontent.com/a-/ALV-UjVETPwngAZDzJR3UU5rgsRoyjbsy3EcKWwOyCMA9k7MtyKIyK9k=w40-h40-p-rp-mo-br100,Terence Mullan,3 reviews,5 years ago,nan,,,,,en
https://lh3.googleusercontent.com/a/ACg8ocLA0HQ2UH5P_b4U4bWSxcSujCm4qtYHjszIis14c-wPihOt=w40-h40-p-rp-mo-br100,Lee Shotgun,,5 years ago,nan,,,,,en
https://lh3.googleusercontent.com/a-/ALV-UjV6FzJVlzfBSttv5nherhZAGo7dGGAvgp8-VC9z6qMm9T2BZio=w40-h40-p-rp-mo-br100,Mark s.i kim,13 reviews · 7 photos,5 years ago,nan,,,,,en
https://lh3.googleusercontent.com/a-/ALV-UjXMQBhHHbYIdmYR97VcplNFYr4qER4cMCnJyOKKXRu6p41xN0Nh=w40-h40-p-rp-mo-br100,Sarah Beek,10 reviews,5 years ago,nan,,,,,en
https://lh3.googleusercontent.com/a-/ALV-UjW87MeKxIpeOG_8li1mDqR-4pXvapItJIKT4Vb9zXLqQqGYkLXr=w40-h40-p-rp-mo-ba3-br100,solodriving training,Local Guide · 28 reviews · 4 photos,5 years ago,nan,,,,,en
https://lh3.googleusercontent.com/a/ACg8ocJt5a10k7kqqHMATcBkhRAF2MmEHoUwNJ9Q1peATMkprcnIpA=w40-h40-p-rp-mo-ba3-br100,Rilou S,Local Guide · 46 reviews,5 years ago,nan,,,,,en
https://lh3.googleusercontent.com/a/ACg8ocKBW4oGaU9trlNRJ6IDl8GnZMXUD8XXUzZ8icuI-KYLudNZzQ=w40-h40-p-rp-mo-ba3-br100,Danny Nguyen,Local Guide · 22 reviews · 5 photos,5 years ago,nan,,,,,en
https://lh3.googleusercontent.com/a/ACg8ocJqHpv71R5p8uP-Jre5XAwC5kEB9d5Q5r31mzcDGWLPR5ia0Q=w40-h40-p-rp-mo-br100,Jessica Shoebridge,2 reviews,5 years ago,nan,,,,,en
https://lh3.googleusercontent.com/a/ACg8ocJ42AHVi4qetvUSrLgWxEM9ASEYG2xtWUV1djv6xIPovnJ8EA=w40-h40-p-rp-mo-br100,Daniel Goulding,4 reviews,5 years ago,nan,,,,,en
https://lh3.googleusercontent.com/a-/ALV-UjXJ1kBAMPL22bu6FWCbfU5Ut1OFEL3vF9yjOZ1Rg68CEE0FSEawAA=w40-h40-p-rp-mo-ba3-br100,Daniel Paladino,Local Guide · 50 reviews · 65 photos,5 years ago,nan,,,,,en
https://lh3.googleusercontent.com/a/ACg8ocLo1vuu_hm27iefvcwBJUfNylrXn6qYJ_Kg5D7CVxoZuFm8tA=w40-h40-p-rp-mo-ba5-br100,Tom Vallat,Local Guide · 213 reviews · 155 photos,5 years ago,nan,,,,,en
https://lh3.googleusercontent.com/a-/ALV-UjXVSufCnp4boZiIkB_C4VSyVd1jMC778UPho_t7Vg2mqf1Bj6l3=w40-h40-p-rp-mo-ba2-br100,Gilberto Flores,Local Guide · 22 reviews · 2 photos,5 years ago,nan,,,,,en
https://lh3.googleusercontent.com/a-/ALV-UjXqZX6H3ygYWjhEigvkJ8rNfjfhoB782nRwvqDXql36RTIGV-SKhg=w40-h40-p-rp-mo-br100,zoe kirsten,2 reviews,5 years ago,nan,,,,,en
https://lh3.googleusercontent.com/a-/ALV-UjXd1bd2oUd4xzSF8eqFWqXSEgJ4cgYuwXAnttBEiLI4iPNepxAo=w40-h40-p-rp-mo-ba3-br100,Kian Nasiry,Local Guide · 13 reviews · 102 photos,5 years ago,nan,,,,,en
https://lh3.googleusercontent.com/a-/ALV-UjU3Y2USdPp6h9V4DsFDOPDpVKc0UfvoBLoH2ZB9aLpfHGPFvpohhQ=w40-h40-p-rp-mo-ba2-br100,Michael Lanyon,Local Guide · 17 reviews · 18 photos,5 years ago,nan,,,,,en
https://lh3.googleusercontent.com/a/ACg8ocJbJN7afOeMves-EacXtCIbB_Rsbkk1D3j4Rgw40rYvPkGhWQ=w40-h40-p-rp-mo-ba3-br100,Ling Yi Goh,Local Guide · 52 reviews · 38 photos,5 years ago,nan,,,,,en
https://lh3.googleusercontent.com/a-/ALV-UjXPpj51JwROGNZGJOca-L35YYMSMY2W7LG_S51wIkik5PH-RBub6g=w40-h40-p-rp-mo-ba4-br100,Harry Smith,Local Guide · 107 reviews · 244 photos,5 years ago,nan,,,,,en
https://lh3.googleusercontent.com/a/ACg8ocK5Jrt8IUAEqUy2R5djLnQYGduTOWldCVk0Ir5qmjgFxYCMXQ=w40-h40-p-rp-mo-ba4-br100,Victor Khuu,Local Guide · 108 reviews · 29 photos,5 years ago,nan,,,,,en
https://lh3.googleusercontent.com/a-/ALV-UjWtEFTnY70-XBMtOS7KZ0LmTK3eUZFg6Hf_NGGqPgOaE2wgoLBX=w40-h40-p-rp-mo-br100,nary byun,4 photos,5 years ago,nan,,,,,en
https://lh3.googleusercontent.com/a-/ALV-UjWBhBUthjByDXhoIv-PEWJrW45OdBjkAD6M3D29KRPuoTdtaxua3A=w40-h40-p-rp-mo-ba5-br100,Charlotte Johnson,Local Guide · 86 reviews · 79 photos,5 years ago,nan,,,,,en
https://lh3.googleusercontent.com/a/ACg8ocK2d48DdJtaVushZyP8MBc0Aijuo4_HLeF9m8L7RwfLIwtELQ=w40-h40-p-rp-mo-br100,A Peranginangin,1 review,6 years ago,nan,,,,,en
https://lh3.googleusercontent.com/a-/ALV-UjU7VyJIuoskrcd5ST8SXNcM_G5WxaNadc9AVjB5eX1121geulqR=w40-h40-p-rp-mo-ba3-br100,Dinesh Mahendra,Local Guide · 22 reviews · 129 photos,6 years ago,nan,,,,,en
https://lh3.googleusercontent.com/a-/ALV-UjVZPV8giYgPuREbKhpBDQqkkEBMvaNfmXQ3473b-ztINZhYb9ozxw=w40-h40-p-rp-mo-br100,Phil Tepper,3 reviews,6 years ago,nan,,,,,en
https://lh3.googleusercontent.com/a-/ALV-UjWHQqZsOpt69OunivruepEAd6HllS11Cbu9wi3J6vaTD2KAnLFf=w40-h40-p-rp-mo-br100,Travis Winsor,,6 years ago,nan,,,,,en
https://lh3.googleusercontent.com/a/ACg8ocIhmiDLoQ-7vgtj6x5Sk5SfyguDtwjtvxbZQ2AN5kb6SBRF3g=w40-h40-p-rp-mo-br100,Joy King,17 reviews · 2 photos,6 years ago,nan,,,,,en
https://lh3.googleusercontent.com/a-/ALV-UjUrhKHN7ju2ZP_ltzL38GUbSNfPPlD9E_G5aIaadOsbSll_MXVcWA=w40-h40-p-rp-mo-ba4-br100,D A,Local Guide · 49 reviews · 690 photos,6 years ago,nan,,,,,en
https://lh3.googleusercontent.com/a-/ALV-UjV4sgr_qdN9K2jOGPNBfKBS2rwwn1beIja2A7w1u25wPL2p4_EO=w40-h40-p-rp-mo-br100,Sarah Hunt,,6 years ago,nan,,,,,en
https://lh3.googleusercontent.com/a-/ALV-UjU3Q34o00HaVLc7u6ZGweT9qCH-NoEGIVqTgnGobAttH42ruOTT=w40-h40-p-rp-mo-br100,Yohanse Kassa,,6 years ago,nan,,,,,en
https://lh3.googleusercontent.com/a-/ALV-UjWTlllH-6Fx6WnUghARL2fhKO5_HslcecyAcAKaLHvhaXKOoW4=w40-h40-p-rp-mo-ba4-br100,Graham London,Local Guide · 9 reviews · 8 photos,6 years ago,nan,,,,,en
https://lh3.googleusercontent.com/a/ACg8ocIEBPz4HRB0psTqirKbI5nQP3knV58K4-8dFUshi3KmE1IZWA=w40-h40-p-rp-mo-ba4-br100,Kamini Manickam,Local Guide · 28 reviews · 4 photos,6 years ago,nan,,,,,en
https://lh3.googleusercontent.com/a-/ALV-UjXObNgTrswGi83CC01UdROVPqfbtFx3DGn9nX59FKYIXs06eCZD=w40-h40-p-rp-mo-br100,Hussain n,2 reviews,6 years ago,nan,,,,,en
https://lh3.googleusercontent.com/a/ACg8ocK5z9Qtohw1YMAEXGFoJnoOh_We_oVGISIDPV2u24yAQkjupQ=w40-h40-p-rp-mo-ba2-br100,Torben,Local Guide · 3 reviews,6 years ago,nan,,,,,en
https://lh3.googleusercontent.com/a-/ALV-UjV_m4O2M8jPeQiiT2CK2To1zV6ejbkPlib3OoGL9yEXwHr2k_13Wg=w40-h40-p-rp-mo-ba3-br100,Ehab Solomon,Local Guide · 54 reviews · 44 photos,6 years ago,nan,,,,,en
https://lh3.googleusercontent.com/a/ACg8ocJrpwkB35FLYnt4DjIS6vGBkm19mPzGkji_y2kdJnxeN1QuAA=w40-h40-p-rp-mo-br100,Lenny Lucas,,6 years ago,nan,,,,,en
https://lh3.googleusercontent.com/a/ACg8ocJMO78ysSw3raSTbXquagyVzG3Rj5QScLlUk7370ol-FYVRpCgb=w40-h40-p-rp-mo-ba3-br100,Stuart M,Local Guide · 8 reviews · 1 photo,7 years ago,nan,,,,,en
https://lh3.googleusercontent.com/a/ACg8ocKzXBsO9jSsBtGEj03VJm-0QRhgq2LmrLCj4jaejtGtu9f0OXmE=w40-h40-p-rp-mo-ba5-br100,BdM,Local Guide · 190 reviews · 246 photos,7 years ago,nan,,,,,en
https://lh3.googleusercontent.com/a-/ALV-UjUZBfOkMfM53JzEOgvar4o7yNB7YOlBex3_nRWRdlZbSAxLuAMf=w40-h40-p-rp-mo-br100,Grant French,,9 years ago,nan,,,,,en
https://lh3.googleusercontent.com/a-/ALV-UjWIFK5bA8vglDXWYZUuFmj_f9jbl7UuzyHRbVLsj3-u_oAtIcB0fw=w40-h40-p-rp-mo-ba6-br100,james horton,Local Guide · 157 reviews · 206 photos,9 years ago,nan,,,,,en
https://lh3.googleusercontent.com/a-/ALV-UjWrTOSDmtPSuzcAaMHryyVG5UomAt7lEa67QKzRsrgHbSm_UEV_SQ=w40-h40-p-rp-mo-ba3-br100,Diogo Ferreira,Local Guide · 23 reviews · 6 photos,9 years ago,nan,,,,,en
