"OSrXXb","rllt__details","yi40Hd","RDApEe","rllt__details 2","rllt__details 3","rllt__details 4","rllt__details 5","YQ4gaf src","uDyWh","uDyWh 2","uDyWh 3","YQ4gaf src 2"
"Dogs Bar","Â·  Â· Bar","4.5","(470)","$20â€“40","St Kilda VIC","â‹… Opens 5â€¯pm Thu","Closed","https://ssl.gstatic.com/local/servicebusiness/default_user.png","""Great beer,  food and .""","nice","dog friendly","https://lh5.googleusercontent.com/p/AF1QipMkgQLOPoPPsQOTB0Rcfvcrc_v7EZBkKdmUF5BJ=w90-h90-n-k-no"
"Ron Barassi Senior Park Dog Friendly Park","Â· Dog park","4.1","(15)","Docklands VIC","","","","https://ssl.gstatic.com/local/servicebusiness/default_user.png","""Good for !""","dog","","https://lh5.googleusercontent.com/p/AF1QipM3Ht8kLHusEsEYBKlezA7BjcEoWpPz7bbUaXiu=w90-h90-n-k-no"
"Vincent the Dog","Â·  Â· Cafe","4.4","(292)","Carlton VIC","$20â€“40","â‹… Opens 8â€¯am","Closed","https://ssl.gstatic.com/local/servicebusiness/default_user.png",""" brunch cafe with cute cozy seating in the backyard.""","Dog-friendly","","https://lh5.googleusercontent.com/p/AF1QipPWA7xFa7pV7iI-bQ6WpH2HmDbN4XrRkuA3n0Bx=w90-h90-n-k-no"
"","","","","","","","","https://lh5.googleusercontent.com/p/AF1QipN5uKWS_Az0bwP5Dmxpqb_PakkNkq9UoiXrPyJn=w102-h115-n-k-no","","","","https://lh5.googleusercontent.com/p/AF1QipNi6yxiCRaW7_LWmKwUPiX3u_SoqGcP8S7gICoM=w102-h57-n-k-no"
"The Tipsy Cow - Cocktail Tapas Bar & Beer Garden","Â·  Â· Cocktail bar","4.7","(310)","Port Melbourne VIC","$20â€“40","â‹… Opens 4â€¯pm Wed","Closed","https://ssl.gstatic.com/local/servicebusiness/default_user.png","""Staff are very , very attentive
Food are delicious
!""","nice","Dog friendly","https://lh5.googleusercontent.com/p/AF1QipM14z3SPt4KkHIXxLfPQWxJGCHVpPyymUKLvU97=w90-h90-n-k-no"
"Chez Misty","Â· Dog cafe","4.8","(202)","St Kilda VIC","â‹… Opens 12â€¯pm Fri","","Closed","https://ssl.gstatic.com/local/servicebusiness/default_user.png","""The owner made sure to let our puppy explore in a safe  setting.""","dog friendly","","https://lh5.googleusercontent.com/p/AF1QipOE1JIk_hApNTw8VhixoJjqe6io2ZhGHjPmcBdM=w90-h90-n-k-no"
"Arbory Bar & Eatery","Â·  Â· Bar","4.2","(4.3K)","1 Flinders Walk","$20â€“40","","","https://ssl.gstatic.com/local/servicebusiness/default_user.png","""-  (can be undercover)""","Dog friendly","","https://lh5.googleusercontent.com/p/AF1QipM4O1l_VXFZDF_qzfzSXbAM66az_lUgD3WdtG9s=w90-h90-n-k-no"
"OKO cafe","Â·  Â· Coffee shop","4.6","(242)","131 A'Beckett St","$1â€“20","â‹… Opens 7â€¯am","Closed","https://ssl.gstatic.com/local/servicebusiness/default_user.png","""The ambient is good they even have  around.""","dogs","","https://lh5.googleusercontent.com/p/AF1QipOaHcVGoEEVgCv_oe_MYP_V5DnldLjMW1EO5ii5=w90-h90-n-k-no"
"Doghouse Dog Cafe","Â· Pet Shop","4.7","(297)","Collingwood VIC","â‹… Opens 11â€¯am Tue","","Closed","https://ssl.gstatic.com/local/servicebusiness/default_user.png","""Outside there's a pleasant  and human  cafe.""","dog","friendly","https://lh5.googleusercontent.com/p/AF1QipO0eexzp8H8xUDUX3R8mdD70IRMo593DxJgSsTk=w90-h90-n-k-no"
"The Rainbow Hotel","Â·  Â· Pub","4.5","(1.3K)","Fitzroy VIC","$20â€“40","â‹… Opens 3â€¯pm","Closed","https://ssl.gstatic.com/local/servicebusiness/default_user.png","""Great food, great beer garden ( ) good prices and live music.""","dog friendly","","https://lh5.googleusercontent.com/p/AF1QipOQOEN06aH6Toz21EJoIkfXrEYNcbC3fus6Uljb=w90-h90-n-k-no"
"The Farm Cafe","Â·  Â· Cafe","4.1","(434)","Abbotsford VIC","$20â€“40","â‹… Opens 8:45â€¯am","Closed","https://ssl.gstatic.com/local/servicebusiness/default_user.png","""Great meal,  and lovely,  waitstaff!""","dog friendly","friendly","https://lh5.googleusercontent.com/p/AF1QipNXD-obsTQqut_bC5sy8Yn_5Anxibf2soq-_R-M=w90-h90-n-k-no"
"Gasworks Cafe","Â·  Â· Cafe","4.3","(187)","Albert Park VIC","$1â€“20","â‹… Opens 7:30â€¯am","Closed","https://ssl.gstatic.com/local/servicebusiness/default_user.png","""Great brekky and lunch menu with a  outdoor space""","nice dog friendly","","https://lh5.googleusercontent.com/p/AF1QipPCxc_VzZBSbjrT_rHCejsq_dSM2McE0lLOSU71=w90-h90-n-k-no"
"Leonards House Of Love","Â·  Â· Bar","4.6","(2.2K)","South Yarra VIC","$20â€“40","â‹… 1â€¯am","Closes soon","https://ssl.gstatic.com/local/servicebusiness/default_user.png","""Good music, good food, good atmosphere, and  to .""","friendly","dogs","https://lh5.googleusercontent.com/p/AF1QipOdkgivWBUxs-b93qFN21ujxlWo_7v9FV1S8xus=w90-h90-n-k-no"
"Bobbie Peels","Â·  Â· Pub","4.5","(398)","North Melbourne VIC","$$","â‹… Opens 4â€¯pm Tue","Closed","https://ssl.gstatic.com/local/servicebusiness/default_user.png","""Really  staff and a well designed  beer garden!""","friendly","dog friendly","https://lh5.googleusercontent.com/p/AF1QipPkYpxWGZMWhBLVx_JSCmvfYHYRBhdZICyPxRLg=w90-h90-n-k-no"
"Sweet Evelyn","Â·  Â· Cafe","4.5","(449)","Brunswick VIC","$20â€“40","â‹… Opens 6:30â€¯am","Closed","https://ssl.gstatic.com/local/servicebusiness/default_user.png","""The staff are so lovely and the cafe is super !!""","dog friendly","","https://lh5.googleusercontent.com/p/AF1QipOxcrnXjoOSlPJm9jjBgw1WFwpIDzIRUnAXpGBi=w90-h90-n-k-no"
"The Fitzroy Beer Garden","Â·  Â· Pub","4.2","(880)","Fitzroy VIC","$20â€“40","â‹… Opens 12â€¯pm","Closed","https://ssl.gstatic.com/local/servicebusiness/default_user.png","""Great outdoor beer garden which is ..""","pet friendly","","https://lh5.googleusercontent.com/p/AF1QipM07_LVfFxOq5-LrMeJwOjSxEqk_iEFFqN_MgE=w90-h90-n-k-no"
"Surly's Bar & Garden","Â·  Â· Bar","4.8","(159)","Preston VIC","$20â€“40","â‹… Opens 4â€¯pm Wed","Closed","https://ssl.gstatic.com/local/servicebusiness/default_user.png","""Great staff, lovely vibe & .""","dog friendly","","https://lh5.googleusercontent.com/p/AF1QipO9MUh_pVZaTpDncU5tsnAwRTWz5gfY5Vokjf8i=w90-h90-n-k-no"
"Marquis of Lorne","Â·  Â· Pub","4.5","(893)","Fitzroy VIC","$20â€“40","â‹… Opens 4â€¯pm","Closed","https://ssl.gstatic.com/local/servicebusiness/default_user.png","""Great pub, good taps,  and very good food.""","dog friendly","","https://lh5.googleusercontent.com/p/AF1QipOVMB3_a8GrK28UNoeWCkqMo8f7BfELd7KQML-o=w90-h90-n-k-no"
"Stomping Ground Brewery & Beer Hall - Collingwood","Â·  Â· Beer hall","4.5","(1.4K)","Collingwood VIC","$20â€“40","â‹… Opens 11:30â€¯am","Closed","https://ssl.gstatic.com/local/servicebusiness/default_user.png","""... food, good choice of beer, great atmosphere and also !""","dog-friendly","","https://lh5.googleusercontent.com/p/AF1QipNhg_HzQa9D5qyR50N8gUceVkfFlDAbwr4Mn0Gt=w90-h90-n-k-no"
"Town Hall Hotel","Â·  Â· Pub","4.5","(804)","North Melbourne VIC","$20â€“40","â‹… 1â€¯am","Closes soon","https://ssl.gstatic.com/local/servicebusiness/default_user.png",""".""","Dog friendly","","https://lh5.googleusercontent.com/p/AF1QipPCiwI3UinfrjCyRyajrnUoRpTtBVF1qJqLyLz6=w90-h90-n-k-no"
"Skinny Dog Hotel","Â·  Â· Pub","4.1","(1.1K)","Kew VIC","$20â€“40","â‹… Opens 11â€¯am","Closed","https://ssl.gstatic.com/local/servicebusiness/default_user.png","""Skinny  hotel has great food and  staff.""","Dog","friendly","https://lh5.googleusercontent.com/p/AF1QipOzEmX9LSOGVgX903427msxFqAMfeeb2DnE-L1z=w90-h90-n-k-no"
"","","","","","","","","","","","",""
"","","","","","","","","","","","",""
"neighbours cafe","Â·  Â· Cafe","4.2","(782)","$20â€“40","St Kilda East VIC","â‹… Opens 6:30â€¯am","Closed","https://ssl.gstatic.com/local/servicebusiness/default_user.png",""", great atmosphere, great food and really sweet staff!""","Dog friendly","","https://lh5.googleusercontent.com/p/AF1QipPoUtwHoNPJrSVzkUNyY60cg68kVrym-dv1CN55=w90-h90-n-k-no"
"Moon Dog World","Â·  Â· Pub","4.3","(993)","Preston VIC","$20â€“40","â‹… Opens 4:30â€¯pm","Closed","https://ssl.gstatic.com/local/servicebusiness/default_user.png","""Amazing space, excellent beers, worth the trek, ""","dog friendly","","https://lh5.googleusercontent.com/p/AF1QipNwvtfKAGgq9AIntF3mlviAsZptrxGHSxv6iUkD=w90-h90-n-k-no"
"Bodriggy Brewing Company","Â· Brewery","4.4","(478)","Abbotsford VIC","â‹… Opens 12â€¯pm","","Closed","https://ssl.gstatic.com/local/servicebusiness/default_user.png","""Good beer,  interior and most importantly ""","nice","dog friendly","https://lh5.googleusercontent.com/p/AF1QipNwm5ViJMjIi4QZTgSvKo8Qwu0QqX_TyVHzZKTG=w90-h90-n-k-no"
"Retreat Hotel","Â·  Â· Pub","4.6","(565)","Abbotsford VIC","$$","â‹… Opens 4â€¯pm","Closed","https://ssl.gstatic.com/local/servicebusiness/default_user.png",""" ğŸ¶  inside in the warm - as long as they're well behaved.""","Dog","friendly","https://lh5.googleusercontent.com/p/AF1QipNrIQ87c46g1MHBC-nVqCZvBqJbWpgzYg8y6RLI=w90-h90-n-k-no"
"Jerrys Milkbar","Â·  Â· Cafe","4.2","(385)","Elwood VIC","$20â€“40","â‹… Opens 7â€¯am","Closed","https://ssl.gstatic.com/local/servicebusiness/default_user.png",""" warm patio out the back that is .""","Nice","dog friendly","https://lh5.googleusercontent.com/p/AF1QipPDfN8uGpZXUsDgC295zS8NPYuADyisrlutSD8R=w90-h90-n-k-no"
"The Guilty Moose","Â·  Â· Cafe","4.6","(541)","Albert Park VIC","$20â€“40","â‹… Opens 6:30â€¯am","Closed","https://ssl.gstatic.com/local/servicebusiness/default_user.png","""... has a really warm  atmosphere and it's  too!""","friendly","dog friendly","https://lh5.googleusercontent.com/p/AF1QipMuveIt8T__1DuDNWYK9Tpvbhy5QP7oVRx1nDGD=w90-h90-n-k-no"
"The Glass Den","Â·  Â· Restaurant","4.0","(1.5K)","Coburg VIC","$20â€“40","â‹… Opens 7:30â€¯am","Closed","https://ssl.gstatic.com/local/servicebusiness/default_user.png",""" place which is a PLUS!""","Dog friendly","","https://lh5.googleusercontent.com/p/AF1QipO_OS4tsNn0aY1mzr245LBWVtnP0raAuteQnyai=w90-h90-n-k-no"
"Welcome to Brunswick","Â·  Â· Beer Garden","4.5","(201)","Brunswick VIC","$20â€“40","â‹… Opens 4â€¯pm Wed","Closed","https://ssl.gstatic.com/local/servicebusiness/default_user.png","""Craft beer, food trucks, bench seats, lots of  to pat.""","dogs","","https://lh5.googleusercontent.com/p/AF1QipM2Zts78MFiEL3nWf_VXcDC9US-wxeJjSxhaZHh=w90-h90-n-k-no"
"Goldy's! Tavern","Â·  Â· Pub","4.5","(480)","Collingwood VIC","$20â€“40","â‹… Opens 3â€¯pm","Closed","https://ssl.gstatic.com/local/servicebusiness/default_user.png","""... welcoming and , great atmosphere, kid and .""","friendly","dog friendly","https://lh5.googleusercontent.com/p/AF1QipOtsRqWRc-C8uLVxzF2GiFBJgqKow7uPgD_N7k=w90-h90-n-k-no"
"The Palace Hotel (South Melbourne)","Â·  Â· Pub","4.6","(669)","South Melbourne VIC","$20â€“40","â‹… Opens 12â€¯pm Wed","Closed","https://ssl.gstatic.com/local/servicebusiness/default_user.png","""Great beer, great staff and extremely .""","dog friendly","","https://lh5.googleusercontent.com/p/AF1QipMUAGW5nCoZuvts-zBCvADwveTQ7jH9m9YbSg3E=w90-h90-n-k-no"
"The Aviary Hotel","Â·  Â· Pub","4.3","(641)","Abbotsford VIC","$20â€“40","â‹… Opens 4â€¯pm Tue","Closed","https://ssl.gstatic.com/local/servicebusiness/default_user.png","""Comfortable interior, good food and  ğŸ˜ƒ""","dog friendly","","https://lh5.googleusercontent.com/p/AF1QipPf8k77Jee5hxHklF37dhQcgnBOv34UQEPrH9s4=w90-h90-n-k-no"
"Puppy Pub Crawl - Dog friendly tours","Â· Tour operator","5.0","(5)","Port Melbourne VIC","â‹… Opens 8â€¯am","","Closed","https://ssl.gstatic.com/local/servicebusiness/default_user.png","""I celebrated you  birthday with them a few months ago and they loved it!""","dogs","","https://lh5.googleusercontent.com/p/AF1QipNSZEuDgAcmOfygr55db1iyDWEd_R3lkxoyoYuM=w90-h90-n-k-no"
"THE ANGRY DOG","Â·  Â· Bar","4.6","(108)","West Melbourne VIC","$20â€“40","","Temporarily closed","https://ssl.gstatic.com/local/servicebusiness/default_user.png","""Comfortable
Good tunes
Good food

Not much else u can ask for""","Dog friendly","","https://lh5.googleusercontent.com/p/AF1QipNFhfet0XsRwovlQ1XfSQEbNexV5AeMMd8O9Lh-=w90-h90-n-k-no"
"Arcadia Cafe And Bar","Â·  Â· Cafe","4.4","(428)","Fitzroy VIC","$20â€“40","â‹… Opens 7â€¯am","Closed","https://ssl.gstatic.com/local/servicebusiness/default_user.png","""They are very  and just a really good vibe.""","dog friendly","","https://lh5.googleusercontent.com/p/AF1QipMF4dPLvSW2Ox-E-4jo3lMKNIRSa7dKyesUvTl_=w90-h90-n-k-no"
"Eydie's","Â·  Â· Bar","4.7","(312)","Brunswick East VIC","$20â€“40","â‹… 1â€¯am","Closes soon","https://ssl.gstatic.com/local/servicebusiness/default_user.png","""Great bar, warm beer garden,  staff, !""","nice","dog friendly","https://lh5.googleusercontent.com/p/AF1QipPfuPItgDL0-Ll_M8qinkoTPPnBNNuqi6p3tgq_=w90-h90-n-k-no"
"The Standard Hotel","Â·  Â· Pub","4.5","(1.1K)","Fitzroy VIC","$20â€“40","â‹… Opens 3â€¯pm","Closed","https://ssl.gstatic.com/local/servicebusiness/default_user.png","""Good vibes, .""","dog friendly","","https://lh5.googleusercontent.com/p/AF1QipO8qiMIuo9sm15fBxFcL0mPHLLSJWu9UkqAS1hA=w90-h90-n-k-no"
"Freddie Wimpoles","Â·  Â· Bar","4.4","(692)","St Kilda VIC","$20â€“40","â‹… 1â€¯am","Closes soon","https://ssl.gstatic.com/local/servicebusiness/default_user.png","""Huge selection of beers, amazing trivia nights, and .""","dog friendly","","https://lh5.googleusercontent.com/p/AF1QipMDbNmSxx2WbSEHLHsEsDCH97kHm0o65FWyueiG=w90-h90-n-k-no"
"Local Folk","Â·  Â· Cafe","4.4","(565)","Kensington VIC","$20â€“40","â‹… Opens 7â€¯am","Closed","https://ssl.gstatic.com/local/servicebusiness/default_user.png",""" too, he gets lots of pats and attention.""","Dog friendly","","https://lh5.googleusercontent.com/p/AF1QipOcfG_Snl56cYwEGwMNIJcfuYZ87wlDlPd5kLLW=w90-h90-n-k-no"
"Great Northern Hotel","Â·  Â· Pub","4.4","(1.7K)","Carlton North VIC","$20â€“40","â‹… Opens 11â€¯am","Closed","https://ssl.gstatic.com/local/servicebusiness/default_user.png","""Good food, good atmosphere,  courtyard, easy booking.""","dog friendly","","https://lh5.googleusercontent.com/p/AF1QipO4na8MW79NpMZk0YZ5Q79gR3wdeigkhuKZQSE8=w90-h90-n-k-no"
"North Melbourne Recreation Reserve Dog Off Leash Area","Â· Dog park","3.8","(6)","North Melbourne VIC","","","","","","","","https://lh5.googleusercontent.com/p/AF1QipNkfTImWO14CLfA5eDS2Z3GuJOAorDNt7Ezd9ks=w90-h90-n-k-no"
"Welcome to Thornbury","Â·  Â· Beer Garden","4.3","(3.1K)","$20â€“40","Northcote VIC","â‹… Opens 4â€¯pm Wed","Closed","https://ssl.gstatic.com/local/servicebusiness/default_user.png","""- & child-, lots of seating and shaded areas.""","Dog","friendly","https://lh5.googleusercontent.com/p/AF1QipPvyw_klr6mJGMOTvmswGD_XuRIQjzHANR0Ms4-=w90-h90-n-k-no"
"Kent St Bar","Â·  Â· Bar","4.7","(521)","Fitzroy VIC","$1â€“20","â‹… 1â€¯am","Closes soon","https://ssl.gstatic.com/local/servicebusiness/default_user.png","""Able to have our  at our seat when outside at the front seats.""","dogs","","https://lh5.googleusercontent.com/p/AF1QipNSg0fyE8y9iN6g_8SAVY--TstGvZPOw6XFerab=w90-h90-n-k-no"
"Bark Road","Â· Pet Shop","5.0","(32)","West Melbourne VIC","â‹… Opens 10â€¯am Wed","","Closed","https://ssl.gstatic.com/local/servicebusiness/default_user.png",""" service, clipped my nervous â€™ nails without drama""","friendly","dogs","https://lh5.googleusercontent.com/p/AF1QipP6G6uPOxc8qZdV3CMl3l6E_YzKuFB6Md2l42Fo=w90-h90-n-k-no"
"The Clubrooms","Â· Cafe","5.0","(4)","South Yarra VIC","â‹… Opens 7:30â€¯am Tue","","Closed","https://ssl.gstatic.com/local/servicebusiness/default_user.png",""" and there are always cute  visiting.""","Dog friendly","dogs","https://lh5.googleusercontent.com/p/AF1QipNGOme-7bpiWRQobaRnR3izYvRpa5ijzKjS5O9a=w90-h90-n-k-no"
"Frankie Says","Â·  Â· Cafe","4.3","(339)","Abbotsford VIC","$20â€“40","â‹… Opens 7â€¯am","Closed","https://ssl.gstatic.com/local/servicebusiness/default_user.png","""""","Dog friendly","","https://lh5.googleusercontent.com/p/AF1QipN_MyL6Tj8WDtlV7XkY1n4GQ7mMhelwrbcF4N8z=w90-h90-n-k-no"
"The Running Dog & Co","Â· Dog park","","","https://goo.gl/maps/Qk7ePAQ87vuiwwMf8","â‹… Opens 6â€¯am","Closed","No reviews","","","","","https://www.google.com/maps/vt/data=CRqf2OEzkO0ibFCU1QucpMKYWsj_x3DD5j03ck4WgBjJqMtv0GSBy7jqLqH8r6-mbSF6BlMEsfwtnN1y8anziRCzThM6dgvi-IrdSeqHVtHbMxGscJ8xwDlw2-uh9bxM_VTCxFVKakiw8pU3GpwbkZeqoyJ2SLR6DhM"
"The Commons Collective","Â·  Â· Restaurant","4.2","(369)","17 Moubray St","$60â€“80","â‹… Opens 12â€¯pm Thu","Closed","https://ssl.gstatic.com/local/servicebusiness/default_user.png","""there's a relaxed beer garden area with puppy parking;""","","","https://lh5.googleusercontent.com/p/AF1QipMztdlySM0LwWIHvmgOGBX7k8zDNclWtw1rIBfX=w90-h90-n-k-no"
"Chunky Town","Â·  Â· Hot Dog","4.1","(315)","Shop 31, Level 1, QV Melbourne Cnr Swanston st &, Lonsdale St","$1â€“20","â‹… Opens 12â€¯pm","Closed","https://ssl.gstatic.com/local/servicebusiness/default_user.png","""The service was fast and corn  were delicious.""","dog dogs","","https://lh5.googleusercontent.com/p/AF1QipMtqzjPhjLOIFEHsTnyC2rQW_htjS9zmhSWWolb=w90-h90-n-k-no"
"The Cricketers Port Melbourne","Â·  Â· Pub","4.4","(395)","Port Melbourne VIC","$40â€“60","â‹… Opens 12â€¯pm","Closed","https://ssl.gstatic.com/local/servicebusiness/default_user.png","""Puppy , great service in a quirky neighbourhood location.""","friendly","","https://lh5.googleusercontent.com/p/AF1QipOEsIAJhK5B9lZx5NQxShnr8LXVOhUzQnGqUg2k=w90-h90-n-k-no"
"The Hof Dowtown","Â·  Â· Restaurant","4.2","(1.6K)","Docklands VIC","$20â€“40","â‹… Opens 4:30â€¯pm","Closed","https://ssl.gstatic.com/local/servicebusiness/default_user.png","""Found this place on a walk downtown on my day off.""","","","https://lh5.googleusercontent.com/p/AF1QipO9cyEfCOkMxWAApQSxj-hxqsHFVqmJjBMmsJZy=w90-h90-n-k-no"
"Canecutters","Â·  Â· Bar","4.9","(121)","South Yarra VIC","$40â€“60","â‹… Opens 3â€¯pm Wed","Closed","https://ssl.gstatic.com/local/servicebusiness/default_user.png","""The staff are wonderful, great selection of beers and .""","dog friendly","","https://lh5.googleusercontent.com/p/AF1QipOjmp31PgFxHDwnPLn8-zoX62kY5dbCtEV8biXY=w90-h90-n-k-no"
"Molly Rose Brewery","Â· Brewery","4.8","(247)","Collingwood VIC","â‹… Opens 4â€¯pm Wed","","Closed","https://ssl.gstatic.com/local/servicebusiness/default_user.png","""Chilled vibe, yummy snacks,  and some great beers on tap.""","dog friendly","","https://lh5.googleusercontent.com/p/AF1QipNn5J6xigM1IhFHfzx6dwKd9vZaoMwyGZAAcc9F=w90-h90-n-k-no"
"Henry and The Fox","Â·  Â· Modern Australian","4.1","(1.2K)","525 Little Collins St","$20â€“40","â‹… Opens 7:30â€¯am","Closed","https://ssl.gstatic.com/local/servicebusiness/default_user.png",""" seating out front in the covered and heated area.""","Dog friendly","","https://lh5.googleusercontent.com/p/AF1QipMhO2rJUqdy7d1MrhLFbZ0yhyJd7x_Rttk-xUo=w90-h90-n-k-no"
"Pause Menu","Â·  Â· Bar","4.9","(121)","Fitzroy VIC","$1â€“20","â‹… Opens 5â€¯pm Wed","Closed","https://ssl.gstatic.com/local/servicebusiness/default_user.png","""Outdoor seating, !""","pet friendly","","https://lh5.googleusercontent.com/p/AF1QipNvQ_ir0YgmQD4WokiptnmP0N9EGMURE3Ig7jkd=w90-h90-n-k-no"
"Bellboy Cafe | Brunswick Cafe","Â·  Â· Cafe","4.9","(1.1K)","Brunswick East VIC","$20â€“40","â‹… Opens 7â€¯am","Closed","https://ssl.gstatic.com/local/servicebusiness/default_user.png","""Lovely people, delicious food and most of all, super !""","dog friendly","","https://lh5.googleusercontent.com/p/AF1QipPtIg0M7-0fb-nQQZZLwWdQ6Y64dVAYpPBClxWP=w90-h90-n-k-no"
"Raindancer","Â·  Â· Bar","4.9","(86)","South Yarra VIC","$40â€“60","â‹… Opens 3â€¯pm Wed","Closed","https://ssl.gstatic.com/local/servicebusiness/default_user.png","""Courtyard at the back is beautiful and they are  :)""","pet friendly","","https://lh5.googleusercontent.com/p/AF1QipMHZpazl_BMn_w0Ofq0TT7rEcYesvKAJdKMjGCW=w90-h90-n-k-no"
"Twang Brewing","Â·  Â· Brewpub","4.9","(40)","North Melbourne VIC","$20â€“40","â‹… Opens 4â€¯pm Wed","Closed","https://ssl.gstatic.com/local/servicebusiness/default_user.png","""They even have doggy blankets, treats and water bowls.""","","","https://lh5.googleusercontent.com/p/AF1QipMt8AMcEJFiVXYtHZdU84LkvUIc5enCm0ULSMtZ=w90-h90-n-k-no"
"The Peacock South Yarra","Â·  Â· Cafe","4.4","(340)","South Yarra VIC","$20â€“40","â‹… Opens 7â€¯am","Closed","https://ssl.gstatic.com/local/servicebusiness/default_user.png","""Perfect little cafe with great outdoor  seating in the backyard.""","dog friendly","","https://lh5.googleusercontent.com/p/AF1QipMfFHdnxgzoK3g5AmFbT50Eqa2Kcg2VI0L3-V4z=w90-h90-n-k-no"
"Billie's Bites & Bar","Â·  Â· Restaurant","3.6","(1.2K)","South Wharf VIC","$20â€“40","â‹… Opens 8â€¯am","Closed","https://ssl.gstatic.com/local/servicebusiness/default_user.png","""It's  and there's plenty of shade on a hot afternoon.""","dog friendly","","https://lh5.googleusercontent.com/p/AF1QipOoSFrClthsu7xMTwhUqOvw4fICk-5cUlWJbYq6=w90-h90-n-k-no"
"Abbots Yard","Â·  Â· Bar","4.4","(120)","Abbotsford VIC","$20â€“40","â‹… Opens 5â€¯pm Fri","Closed","https://ssl.gstatic.com/local/servicebusiness/default_user.png","""The bonus is that this place is .""","dog friendly","","https://lh5.googleusercontent.com/p/AF1QipMxP5lIFaRUQBgo26NPcxfYhqBNEtGadYveoPiN=w90-h90-n-k-no"
"Tipsy Village","Â·  Â· Restaurant","4.8","(289)","$20â€“40","South Melbourne VIC","â‹… Opens 10:30â€¯am","Closed","https://ssl.gstatic.com/local/servicebusiness/default_user.png",""" outdoor seating with views of the south Melbourne market.""","Dog friendly","","https://lh5.googleusercontent.com/p/AF1QipOvMzU8M6oW8B_8qyPGGgJRU1C5-LS7V9cVOEGW=w90-h90-n-k-no"
"Cornershop Yarraville","Â·  Â· Cafe","4.4","(515)","Yarraville VIC","$20â€“40","â‹… Opens 7:30â€¯am","Closed","https://ssl.gstatic.com/local/servicebusiness/default_user.png","""Very delicious food and was very !""","dog friendly","","https://lh5.googleusercontent.com/p/AF1QipP3K7HNEmCqODzMvjS_WSVTLKP7tdTwnUHr-Upp=w90-h90-n-k-no"
"Grill'd Degraves Street","Â·  Â· Hamburger","4.3","(800)","15 Degraves St","$20â€“40","â‹… Opens 10:30â€¯am","Closed","https://ssl.gstatic.com/local/servicebusiness/default_user.png","""This place has its own toilet in case you needed to go.""","","","https://lh5.googleusercontent.com/p/AF1QipOP_Y8TnwZ1HGIVeQiltKn6nkSuFbqDNqznKfRi=w90-h90-n-k-no"
"The Cricketers Bar","Â·  Â· Bar","4.1","(300)","Hotel Windsor, 111 Spring St","$20â€“40","â‹… Opens 12â€¯pm","Closed","https://ssl.gstatic.com/local/servicebusiness/default_user.png","""Lots of room.""","","","https://lh5.googleusercontent.com/p/AF1QipPPYves5f0i25ZjiC7bgin2P9Kzb8eK7U2xo9zA=w90-h90-n-k-no"
"Terminus Hotel","Â·  Â· Pub","4.3","(1.1K)","Abbotsford VIC","$20â€“40","â‹… Opens 12â€¯pm","Closed","https://ssl.gstatic.com/local/servicebusiness/default_user.png","""Fantastic  spot.""","dog friendly","","https://lh5.googleusercontent.com/p/AF1QipOUP6cwQVhV5oScAn4o9m4Nn9SvSV_XGInmT0Qq=w90-h90-n-k-no"
"Sir Charles","Â·  Â· Restaurant","4.3","(688)","Fitzroy VIC","$20â€“40","â‹… Opens 7:30â€¯am","Closed","https://ssl.gstatic.com/local/servicebusiness/default_user.png","""Really , Bonus points for being a  cafe too!!""","nice","DOG FRIENDLY","https://lh5.googleusercontent.com/p/AF1QipOAWiBrsGJUxKM4y2s6Y8BLC2-vcHbc9aqdDHiY=w90-h90-n-k-no"
"Fandango Cafe","Â·  Â· Cafe","4.5","(312)","North Melbourne VIC","$20â€“40","â‹… Opens 8â€¯am","Closed","https://ssl.gstatic.com/local/servicebusiness/default_user.png","""They even offer your  free bacon.""","dog","","https://lh5.googleusercontent.com/p/AF1QipMjww0NSTbLwvg4r_drlZXt7CvMJGP1QzBhQ8F7=w90-h90-n-k-no"
"Dundas & Faussett","Â·  Â· Cafe","4.1","(839)","Albert Park VIC","$20â€“40","â‹… Opens 7â€¯am","Closed","https://ssl.gstatic.com/local/servicebusiness/default_user.png","""This  space is a must for a wonderful meal and coffee.""","dog friendly","","https://lh5.googleusercontent.com/p/AF1QipM8e95uv5O5LAdcecp-8XbIOjoiD2stT8pu1JDW=w90-h90-n-k-no"
"Bendigo Street Milk Bar","Â·  Â· Cafe","4.3","(183)","Richmond VIC","$20â€“40","â‹… Opens 6:30â€¯am","Closed","https://ssl.gstatic.com/local/servicebusiness/default_user.png","""Saying hello to the  resident Labrador is a bonus.""","friendly","","https://lh5.googleusercontent.com/p/AF1QipOO8b3FZ5MqTuaP8FF9KgRar__qbGLaLjVfR_Rq=w90-h90-n-k-no"
"The Beast","Â·  Â· Hamburger","4.6","(1.7K)","Brunswick East VIC","$20â€“40","â‹… Opens 12â€¯pm","Closed","https://ssl.gstatic.com/local/servicebusiness/default_user.png","""This place is baller, great staff, amazing burgers and  outside.""","dog friendly","","https://lh5.googleusercontent.com/p/AF1QipNbWMI3jdcMOZaRTDdmszD_lhkzb_w8GUItvC51=w90-h90-n-k-no"
"Bell Street Coffee Window","Â·  Â· Cafe","4.4","(64)","Fitzroy VIC","$1â€“20","â‹… Opens 7:30â€¯am","Closed","https://ssl.gstatic.com/local/servicebusiness/default_user.png",""" service,  outdoor area, ""","Friendly","nice","https://lh5.googleusercontent.com/p/AF1QipMfu5gl6Oz7GujEiXqIIuK9SS41T5XeHyB7p1hW=w90-h90-n-k-no"
"Auction Rooms","Â·  Â· Cafe","4.4","(2.4K)","North Melbourne VIC","$20â€“40","â‹… Opens 7â€¯am","Closed","https://ssl.gstatic.com/local/servicebusiness/default_user.png","""""","Dog friendly","","https://lh5.googleusercontent.com/p/AF1QipM0u52N2nLVfFM4DSF3cJc9TvVKh9SAVbBElHK2=w90-h90-n-k-no"
"FooDao 628 Little Bourke","Â·  Â· Fast Food","4.6","(62)","628 Little Bourke St","$1â€“20","â‹… Opens 8â€¯am","Closed","https://ssl.gstatic.com/local/servicebusiness/default_user.png","""The key thing is that it is a  restaurant!""","dog friendly","","https://lh5.googleusercontent.com/p/AF1QipOyoKij74eYTQr7AiLECExsq1go-d98wEQR0Z_H=w90-h90-n-k-no"
"Parkview Hotel","Â·  Â· Pub","4.0","(352)","Fitzroy North VIC","$","â‹… Opens 10â€¯am","Closed","https://ssl.gstatic.com/local/servicebusiness/default_user.png","""So you have to allow for it.""","","","https://lh5.googleusercontent.com/p/AF1QipNdcp-PP6UA6smdknB8rHc1-46n-jWcwadKVDi4=w90-h90-n-k-no"
"STREAT Cromwell Cafe","Â·  Â· Cafe","4.6","(664)","Collingwood VIC","$20â€“40","â‹… Opens 8â€¯am","Closed","https://ssl.gstatic.com/local/servicebusiness/default_user.png",""" and family , very urban and wholesome.""","Dog","friendly","https://lh5.googleusercontent.com/p/AF1QipNZhGc-Dtyg3NJDLr60H4wmtpfKB3wUjKyGOuSs=w90-h90-n-k-no"
"Uncle Drew Cafe","Â·  Â· Cafe","4.7","(472)","Clifton Hill VIC","$20â€“40","â‹… Opens 6:30â€¯am","Closed","https://ssl.gstatic.com/local/servicebusiness/default_user.png","""It's my local which I usually stop by on the daily  walk.""","dog","","https://lh5.googleusercontent.com/p/AF1QipNkTbi8GQ3F606bl96TNwKWwxU7cF41TQ_A2as=w90-h90-n-k-no"
"Rubber Duck Cafe","Â·  Â· Cafe","4.3","(363)","Clifton Hill VIC","$20â€“40","â‹… Opens 6â€¯am","Closed","https://ssl.gstatic.com/local/servicebusiness/default_user.png","""The food is fantastic, your patience with young kids and  is amazing.""","dogs","","https://lh5.googleusercontent.com/p/AF1QipNxJZNhlxMmdAauMawfT6ZWCY2ZCIQdtzYHlXsv=w90-h90-n-k-no"
"Hotel Spencer Bar & Grill","Â·  Â· Pub","4.6","(270)","West Melbourne VIC","$20â€“40","â‹… Opens 12â€¯pm Wed","Closed","https://ssl.gstatic.com/local/servicebusiness/default_user.png","""Really  owners, love that  at also  in.""","friendly","dogs","https://lh5.googleusercontent.com/p/AF1QipMkVGRwYybXxwnEjLh9CFYUF3fgQh9ZNSUXHBOv=w90-h90-n-k-no"
"Leaps and Bounds Albert Park","Â·  Â· Cafe","4.7","(330)","Albert Park VIC","$20â€“40","â‹… Opens 6â€¯am","Closed","https://ssl.gstatic.com/local/servicebusiness/default_user.png","""Fantastic coffee, open early, , people  too ğŸ˜€""","dog friendly","friendly","https://lh5.googleusercontent.com/p/AF1QipO_bZMvPaYbjZ4CY33-wGch3Le9bSA59VGdMxqW=w90-h90-n-k-no"
"Proud Mary Coffee","Â·  Â· Cafe","4.5","(1.7K)","Collingwood VIC","$20â€“40","â‹… Opens 7â€¯am","Closed","https://ssl.gstatic.com/local/servicebusiness/default_user.png","""Staff are super  and  too â¤ï¸""","friendly","dog friendly","https://lh5.googleusercontent.com/p/AF1QipOzQW0aByZ_EZ4oPxi9LB3lD2gVk622betgpOj9=w90-h90-n-k-no"
"The Park Hotel","Â·  Â· Pub","4.7","(919)","$20â€“40","Abbotsford VIC","â‹… Opens 4â€¯pm Tue","Closed","https://ssl.gstatic.com/local/servicebusiness/default_user.png","""Delicious food, great atmosphere, pooch , staff were lovely too.""","friendly","","https://lh5.googleusercontent.com/p/AF1QipO6mtAG2B1P9_96jdKIX9Q5s92fWNnHjBzr5nwq=w90-h90-n-k-no"
"Cargo Bar & Eatery","Â·  Â· Restaurant","4.4","(2.1K)","Docklands VIC","$20â€“40","â‹… Opens 12â€¯pm","Closed","https://ssl.gstatic.com/local/servicebusiness/default_user.png","""Bar with waterview,  and  treats available.""","dog friendly","dog","https://lh5.googleusercontent.com/p/AF1QipP3bqxMfP3x4phua-pJL396XBCYMTRE2fiOXL1E=w90-h90-n-k-no"
"Royal Saxon","Â·  Â· Pub","4.3","(641)","Richmond VIC","$20â€“40","â‹… Opens 12â€¯pm","Closed","https://ssl.gstatic.com/local/servicebusiness/default_user.png","""I love the fact that it is a  Bar!""","dog friendly","","https://lh5.googleusercontent.com/p/AF1QipPeZS1QfCzMCM0Q-ahQGAZIuPNWzrZY7wXJ72DX=w90-h90-n-k-no"
"Bonny","Â·  Â· Bar","4.5","(254)","Fitzroy VIC","$40â€“60","â‹… Opens 4â€¯pm Wed","Closed","https://ssl.gstatic.com/local/servicebusiness/default_user.png","""And  too!""","dog friendly","","https://lh5.googleusercontent.com/p/AF1QipNjFhBJMaJavxobygar7TLDtYyRMh76Df2HVvA=w90-h90-n-k-no"
"Kohzad Bar & Restaurant","Â· Restaurant","4.0","(2)","Little Bourke St & Goldsbrough Ln","â‹… Opens 12â€¯pm","","Closed","","","","","https://www.google.com/maps/vt/data=8vfR38RsAmJIRnNkXLla3hpkE2YCGubDOGaYZOOczOuIvV4ICpwHYCzU9OhkBHxWrwkVvrXdI_50eLlBzOHx1uLEaZfAuyo5EYUj0VRtUZGVaKPTGZqM51myDUAoPmxEslH3ojjOK3L8mfEr4xJCsMHoOyuObp_aDRk"
"CERES Merri Cafe","Â·  Â· Cafe","4.0","(214)","Brunswick East VIC","$20â€“40","â‹… Opens 9â€¯am","Closed","https://ssl.gstatic.com/local/servicebusiness/default_user.png","""Even a little jar at the counter with  biscuits for our furry friends.""","dog","","https://lh5.googleusercontent.com/p/AF1QipNRdu2KXhWjRsS6WX9QkoJgZkvm0bfdRU6KB92P=w90-h90-n-k-no"
"BearBrass","Â·  Â· Restaurant","4.0","(1.2K)","Southbank VIC","$20â€“40","â‹… Opens 11â€¯am","Closed","https://ssl.gstatic.com/local/servicebusiness/default_user.png","""It really ticks all the boxes and not to mention is .""","DOG friendly","","https://lh5.googleusercontent.com/p/AF1QipOkUiiq3NveHSi7x4o2ZF21ukqi4A_-yOmgkNEX=w90-h90-n-k-no"
"Gilli","Â·  Â· Coffee shop","4.1","(122)","76 Therry St","$1â€“20","â‹… Opens 6:30â€¯am Tue","Closed","https://ssl.gstatic.com/local/servicebusiness/default_user.png","""""","Dog friendly","","https://lh5.googleusercontent.com/p/AF1QipPqygLOZ_6Xi1_0v8x81321M8hPSi9aY38sjLHM=w90-h90-n-k-no"
"The National Hotel","Â·  Â· Pub","4.5","(754)","Richmond VIC","$20â€“40","â‹… Opens 4â€¯pm Tue","Closed","https://ssl.gstatic.com/local/servicebusiness/default_user.png",""", excellent drinks, tasty meals, lovely staff!""","Dog-friendly","","https://lh5.googleusercontent.com/p/AF1QipML0oR-Qzp0qd6K739zhLKrz3qz4RdJ1nB9ejy8=w90-h90-n-k-no"
"East Brunswick Hotel","Â·  Â· Pub","4.2","(364)","Brunswick East VIC","$$","â‹… Opens 12â€¯pm Tue","Closed","https://ssl.gstatic.com/local/servicebusiness/default_user.png",""" bar with cheap and tasty cocktails $12s in happy hour.""","Dog friendly","","https://lh5.googleusercontent.com/p/AF1QipO8rKThTRvJ4bFlMnsVUs0s2VuvOdpPUe6kEv7t=w90-h90-n-k-no"
"Jack the Geezer","Â·  Â· Cafe","4.2","(258)","Middle Park VIC","$20â€“40","â‹… Opens 6â€¯am","Closed","https://ssl.gstatic.com/local/servicebusiness/default_user.png","""The cafe is also wheelchair, kids,  and cyclist .""","dog","friendly","https://lh5.googleusercontent.com/p/AF1QipMwUyg1MPR9ZryMvTPUkwGqrpBewdPOu24_WqMi=w90-h90-n-k-no"
"Dirty Apron Cafe","Â·  Â· Cafe","4.6","(357)","Clifton Hill VIC","$20â€“40","â‹… Opens 7â€¯am","Closed","https://ssl.gstatic.com/local/servicebusiness/default_user.png","""Loved that they are .""","dog friendly","","https://lh5.googleusercontent.com/p/AF1QipMeKVb-jElHEpbh2HCvmsvN4e2HjwV-200Ots3L=w90-h90-n-k-no"
"Local Brewing Co. Taproom & Pizza Kitchen","Â·  Â· Bar","4.8","(80)","Clifton Hill VIC","$20â€“40","â‹… Opens 5:30â€¯pm Wed","Closed","https://ssl.gstatic.com/local/servicebusiness/default_user.png","""Fab place to have a few drinks with friends - love that itâ€™s !""","dog friendly","","https://lh5.googleusercontent.com/p/AF1QipPTO_PcwjttYhEdZaIbFRXe5iG_veiQQCygHS_3=w90-h90-n-k-no"
"Moon Dog OG","Â· Brewery","4.6","(403)","Abbotsford VIC","â‹… Opens 4â€¯pm Tue","","Closed","https://ssl.gstatic.com/local/servicebusiness/default_user.png","""Good amount of ice and cup had good moon  sticker.""","dog","","https://lh5.googleusercontent.com/p/AF1QipN28IqsBo_g7KmiqbAzq45OTKd42p3VAf-r-TvM=w90-h90-n-k-no"
"Sleepy's Cafe & Wine Bar","Â·  Â· Restaurant","4.8","(144)","Carlton North VIC","$1â€“20","â‹… Opens 7:30â€¯am","Closed","https://ssl.gstatic.com/local/servicebusiness/default_user.png",""".""","Dog friendly","","https://lh5.googleusercontent.com/p/AF1QipMusjiuAYeSRJeqGBdSDJtxVqbMtFAJYTodX8es=w90-h90-n-k-no"
"The Fat Spatula","Â·  Â· CrÃªperie","4.8","(108)","Carlton North VIC","$20â€“40","â‹… Opens 7â€¯am","Closed","https://ssl.gstatic.com/local/servicebusiness/default_user.png",""" place, definitely come back again.""","Dog friendly","","https://lh5.googleusercontent.com/p/AF1QipMdOCjo-vD3SUHfhZNXrO3AwfTtTL9rLPVhHhKy=w90-h90-n-k-no"
"Hardimans Hotel","Â·  Â· Pub","4.3","(899)","Kensington VIC","$20â€“40","â‹… Opens 12â€¯pm","Closed","https://ssl.gstatic.com/local/servicebusiness/default_user.png","""Great space, fantastic beer selection and  in the courtyard!""","dogs allowed","","https://lh5.googleusercontent.com/p/AF1QipNylRkOlPu_imQWTRq4YQ6MyHnU37ip4qWppzgB=w90-h90-n-k-no"
"Be The Duck","Â·  Â· Cafe","4.8","(164)","Richmond VIC","$1â€“20","â‹… Opens 6â€¯am","Closed","https://ssl.gstatic.com/local/servicebusiness/default_user.png",""" too.""","Dog friendly","","https://lh5.googleusercontent.com/p/AF1QipPeqGnGt9_9P2cDX9cDzhc3cyxUrXO444dj9dzA=w90-h90-n-k-no"
"Naughtons Hotel","Â· Pub","4.5","(780)","Parkville VIC","â‹… Opens 12â€¯pm Tue","","Closed","https://ssl.gstatic.com/local/servicebusiness/default_user.png","""Super  and amazing staff""","dog friendly","","https://lh5.googleusercontent.com/p/AF1QipN1lWVyBtAJsumjbTUWs6u6J6UoupAq5Nll19CO=w90-h90-n-k-no"
"Time Out Fed Square","Â·  Â· Restaurant","4.0","(1.4K)","2 Swanston St","$20â€“40","â‹… Opens 8:30â€¯am Thu","Closed","https://ssl.gstatic.com/local/servicebusiness/default_user.png","""Great place for brunch on sunny day that is also !""","dog friendly","","https://lh5.googleusercontent.com/p/AF1QipNQQ9uLiB63xSglKGKjXUI9jrcJ9-mqg7RDNIvT=w90-h90-n-k-no"
"Fitzroy Town Hall Hotel","Â·  Â· Restaurant","4.3","(558)","$$","Fitzroy VIC","â‹… Opens 12â€¯pm","Closed","https://ssl.gstatic.com/local/servicebusiness/default_user.png","""Very .""","dog friendly","","https://lh5.googleusercontent.com/p/AF1QipOELypSlrFAfGHKP5ejSPRnQ0SRfgtFl7H45amG=w90-h90-n-k-no"
"Jimmy's Tap & Barrel","Â·  Â· Bar","4.7","(144)","Ascot Vale VIC","$$","â‹… Opens 3â€¯pm Wed","Closed","https://ssl.gstatic.com/local/servicebusiness/default_user.png","""Great beers, knowledgeable bar staff and !""","dog friendly","","https://lh5.googleusercontent.com/p/AF1QipOSQTQISlveQ9xEHLgtrCUm1HzDmXc3nMnLOinL=w90-h90-n-k-no"
"Hurricane Handsome","Â·  Â· Cafe","4.4","(782)","Port Melbourne VIC","$20â€“40","â‹… Opens 7â€¯am","Closed","https://ssl.gstatic.com/local/servicebusiness/default_user.png",""" outdoor seating, great for  watching.""","Nice","dog","https://lh5.googleusercontent.com/p/AF1QipPOKc5Jcvst-ZdMwTYpuvwYVPT6uV6-BaSOKf-t=w90-h90-n-k-no"
"Union House","Â·  Â· Pub","4.4","(605)","Richmond VIC","$$","â‹… Opens 4â€¯pm","Closed","https://ssl.gstatic.com/local/servicebusiness/default_user.png",""" inside and outside which is a massive plus.""","Dog friendly","","https://lh5.googleusercontent.com/p/AF1QipMAKHw5K7EMNKry43EyshZ2STfmS5AuNG0fgmxK=w90-h90-n-k-no"
"The Yarra Hotel","Â·  Â· Pub","4.3","(335)","Abbotsford VIC","$20â€“40","â‹… Opens 3â€¯pm Tue","Closed","https://ssl.gstatic.com/local/servicebusiness/default_user.png","""Great to see them open again.""","","","https://lh5.googleusercontent.com/p/AF1QipNAp0gRmLIndVaJOE5LCOS1e9Doi8YaV8Tqm_i3=w90-h90-n-k-no"
"Darling Street Espresso","Â·  Â· Cafe","4.5","(613)","Moonee Ponds VIC","$20â€“40","â‹… Opens 7:30â€¯am","Closed","https://ssl.gstatic.com/local/servicebusiness/default_user.png","""Beautiful  yard, really great chefs, and awesome staff.""","dog-friendly","","https://lh5.googleusercontent.com/p/AF1QipOmMViH296_dtMER2QmTZxs1fmlvDK-TtyZvOke=w90-h90-n-k-no"
"Terminus Hotel Fitzroy North","Â·  Â· Pub","4.4","(1.3K)","Fitzroy North VIC","$20â€“40","â‹… Opens 11:30â€¯am","Closed","https://ssl.gstatic.com/local/servicebusiness/default_user.png","""Excellent beer choices and very  which is fantastic.""","dog friendly","","https://lh5.googleusercontent.com/p/AF1QipP3SNc_NX-oz29AImOAqNpvdTjhSFkbNiMydRGq=w90-h90-n-k-no"
"The Kingston","Â·  Â· Pub","4.3","(717)","Richmond VIC","$$","â‹… Opens 4â€¯pm Tue","Closed","https://ssl.gstatic.com/local/servicebusiness/default_user.png",""" in the outside area which was so handy for us.""","Dog friendly","","https://lh5.googleusercontent.com/p/AF1QipNJ08277q2q5GmihSkTXTqSCTAES8kSuFJB3jJl=w90-h90-n-k-no"
"Benchwarmer","Â·  Â· Beer hall","4.8","(160)","West Melbourne VIC","$20â€“40","â‹… Opens 4â€¯pm Tue","Closed","https://ssl.gstatic.com/local/servicebusiness/default_user.png","""Even better, they are .""","dog friendly","","https://lh5.googleusercontent.com/p/AF1QipNHPEqhATZqF3aPq1l6notYY7zLUp7DMnWCep7j=w90-h90-n-k-no"
"Betwixt Cafe & Bar","Â·  Â· Restaurant","4.3","(109)","Southbank VIC","$20â€“40","â‹… Opens 8:30â€¯am","Closed","https://ssl.gstatic.com/local/servicebusiness/default_user.png","""Gluten free options and  seating outside.""","dog friendly","","https://lh5.googleusercontent.com/p/AF1QipOrQ3T2Dsg0djrUt_13pecJaQOZvm3FE_s6tHXN=w90-h90-n-k-no"
"Madera Bar & Cafe","Â·  Â· Cafe","5.0","(119)","Northcote VIC","$1â€“20","â‹… Opens 7â€¯am","Closed","https://ssl.gstatic.com/local/servicebusiness/default_user.png","""Also a great place to  a bunch of  who seem to love the place too!!""","pet","dogs","https://lh5.googleusercontent.com/p/AF1QipP5LXRnYerJmlg3xdmzqQo157PgbzIQhmreV8z9=w90-h90-n-k-no"
"Lobbs","Â·  Â· Cafe","4.5","(513)","Brunswick VIC","$20â€“40","â‹… Opens 7â€¯am","Closed","https://ssl.gstatic.com/local/servicebusiness/default_user.png","""Patio area is .""","dog friendly","","https://lh5.googleusercontent.com/p/AF1QipPs5gurWFLsQUTcDfwAY7EAGJ2LtYgsERtaVvBC=w90-h90-n-k-no"
"phatMILK CafÃ©","Â·  Â· Cafe","4.2","(352)","Travancore VIC","$1â€“20","â‹… Opens 7â€¯am","Closed","https://ssl.gstatic.com/local/servicebusiness/default_user.png",""" courtyard so I could enjoy a lovely breakfast with my fur baby!""","Dog friendly","","https://lh5.googleusercontent.com/p/AF1QipN7DCGmZfO7lB5ievKcytfrGVfrU6dkdBsP__cN=w90-h90-n-k-no"
"Hotel Collingwood","Â·  Â· Pub","4.1","(804)","Collingwood VIC","$20â€“40","â‹… Opens 12â€¯pm","Closed","https://ssl.gstatic.com/local/servicebusiness/default_user.png","""I rang to see if I could bring my  (as we were seated in the courtyard).""","dog","","https://lh5.googleusercontent.com/p/AF1QipN1Kj4-x8lw_efFHYPzPAUAfTNgETsl1XogPARG=w90-h90-n-k-no"
"Abacus Bar & Kitchen","Â·  Â· Restaurant","4.1","(1.7K)","South Yarra VIC","$20â€“40","â‹… Opens 7â€¯am","Closed","https://ssl.gstatic.com/local/servicebusiness/default_user.png",""".""","Dog friendly","","https://lh5.googleusercontent.com/p/AF1QipNTwLPBDvthOzzs02NXAx9_P-oZjsz5MLfzuyk1=w90-h90-n-k-no"
"Low Key","Â·  Â· Bar","4.7","(124)","Northcote VIC","$20â€“40","â‹… Opens 4â€¯pm","Closed","https://ssl.gstatic.com/local/servicebusiness/default_user.png","""High key awesome for being ""","dog friendly","","https://lh5.googleusercontent.com/p/AF1QipNdAIRRpTQje9qX-GM6c1M35IyiAG7kc72P1c4X=w90-h90-n-k-no"
"Cafe Cavallino","Â·  Â· Italian","4.3","(1.6K)","Carlton VIC","$20â€“40","","Closed","https://ssl.gstatic.com/local/servicebusiness/default_user.png","""They have heaters so nothing to worry about.""","","","https://lh5.googleusercontent.com/p/AF1QipNIKDglno3rn3_StLssRBhRGxzrCjldJ1_WkK9o=w90-h90-n-k-no"
"Inner North Brewing Company","Â· Brewery","4.8","(146)","Brunswick VIC","â‹… Opens 4â€¯pm Wed","","Closed","https://ssl.gstatic.com/local/servicebusiness/default_user.png","""Child and  and they accept cash!""","dog friendly","","https://lh5.googleusercontent.com/p/AF1QipOQxB0UtaTLYKspc2Ok_pnzWV8YWksmsDK1_aMQ=w90-h90-n-k-no"
"Union Hotel","Â·  Â· Pub","4.5","(781)","Brunswick VIC","$20â€“40","â‹… Opens 3â€¯pm","Closed","https://ssl.gstatic.com/local/servicebusiness/default_user.png","""Least  venue in Brunswick.""","dog friendly","","https://lh5.googleusercontent.com/p/AF1QipN3_omyaD_BjRFLc1N9FDSAxy6qC2zrO_DNcCLu=w90-h90-n-k-no"
"The Cornish Arms Hotel","Â·  Â· Pub","4.3","(2.7K)","Brunswick VIC","$20â€“40","â‹… Opens 12â€¯pm","Closed","https://ssl.gstatic.com/local/servicebusiness/default_user.png","""Lovely pub with  garden and amazing vegan options""","dog friendly","","https://lh5.googleusercontent.com/p/AF1QipPFfd0wBSbrquqUewXCVyMrjK0RQiNFJOU0CTE=w90-h90-n-k-no"
"Santoni Pizza & Bar","Â·  Â· Pizza","4.0","(1.1K)","$$","Hawthorn VIC","â‹… Opens 10â€¯am","Closed","https://ssl.gstatic.com/local/servicebusiness/default_user.png",""" outside was a bonus.""","Dog friendly","","https://lh5.googleusercontent.com/p/AF1QipPgHNn1SL2gzA8aGm_1X4lGvmpLSP7wKUOnUsuD=w90-h90-n-k-no"
"Twenty & Six Espresso","Â·  Â· Cafe","4.5","(424)","North Melbourne VIC","$20â€“40","â‹… Opens 7:30â€¯am","Closed","https://ssl.gstatic.com/local/servicebusiness/default_user.png","""Delightful  courtyard, great service.""","dog friendly","","https://lh5.googleusercontent.com/p/AF1QipOSKa8E9BSZu4KJBgccIFNgiQOw-iygVV-S1PZb=w90-h90-n-k-no"
"Touchwood","Â·  Â· Cafe","4.4","(650)","Richmond VIC","$20â€“40","â‹… Opens 7â€¯am","Closed","https://ssl.gstatic.com/local/servicebusiness/default_user.png",""" too!""","Dog friendly","","https://lh5.googleusercontent.com/p/AF1QipODH9SgqM6PdDjj_mPaAtyroR0X8My1c6h0Tysf=w90-h90-n-k-no"
"DOC Espresso","Â·  Â· Italian","4.0","(1.2K)","Carlton VIC","$20â€“60","â‹… Opens 8â€¯am","Closed","https://ssl.gstatic.com/local/servicebusiness/default_user.png",""" outside.""","Dog friendly","","https://lh5.googleusercontent.com/p/AF1QipOGvLndicg7pmYRkQY285g4YXeoxa_AVKmcHxS8=w90-h90-n-k-no"
"North Port Hotel","Â·  Â· Pub","4.6","(351)","Port Melbourne VIC","$20â€“40","â‹… Opens 12â€¯pm Tue","Closed","https://ssl.gstatic.com/local/servicebusiness/default_user.png",""", human , unpretentious and outstanding food.""","Dog friendly","friendly","https://lh5.googleusercontent.com/p/AF1QipOolcgLwuQE6lIw_GrISVxWF7f95OKb3_vPtn-v=w90-h90-n-k-no"
"Piccolo Mondo","Â·  Â· Italian","4.2","(1.1K)","Carlton VIC","$20â€“60","â‹… Opens 11:30â€¯am","Closed","https://ssl.gstatic.com/local/servicebusiness/default_user.png","""Definitely going back next time we are in the area.""","","","https://lh5.googleusercontent.com/p/AF1QipPQXbErffOEBTqO2Uw-74gZA4-Mkc8H4CXU2MiR=w90-h90-n-k-no"
"Saluministi Docklands","Â·  Â· Sandwich","4.5","(692)","Docklands VIC","$1â€“20","â‹… Opens 7â€¯am","Closed","https://ssl.gstatic.com/local/servicebusiness/default_user.png","""Amazing coffee - very  staff and ""","friendly","dog friendly","https://lh5.googleusercontent.com/p/AF1QipMKROP_K7kdr7ATByFmM0n-4Ut1YWX7eRFe2C1G=w90-h90-n-k-no"
"EziStreat","Â·  Â· Food court","4.4","(443)","North Melbourne VIC","$20â€“40","â‹… Opens 12â€¯pm","Closed","https://ssl.gstatic.com/local/servicebusiness/default_user.png","""Good food and .""","dog friendly","","https://lh5.googleusercontent.com/p/AF1QipN_hxPLnnYcklZJO3St9MiRApD6I4KyMTDFRgbR=w90-h90-n-k-no"
"Studley Park Boathouse","Â·  Â· Restaurant","4.2","(2.3K)","Kew VIC","$20â€“40","â‹… Opens 8â€¯am","Closed","https://ssl.gstatic.com/local/servicebusiness/default_user.png","""Very  and loved seeing all the different  around.""","dog friendly","dogs","https://lh5.googleusercontent.com/p/AF1QipPSg55M9nexpd-SoWUwfcNHjI1vwibP9nER3-B_=w90-h90-n-k-no"
"West 48","Â·  Â· Cafe","4.5","(976)","Footscray VIC","$20â€“40","â‹… Opens 8â€¯am","Closed","https://ssl.gstatic.com/local/servicebusiness/default_user.png","""Fast food and .""","dog friendly","","https://lh5.googleusercontent.com/p/AF1QipONF-w_xL1iatl_JuQjNy4UB35jsRrt_EaGi4HQ=w90-h90-n-k-no"
"Quarter Two Cafe","Â·  Â· Cafe","4.3","(765)","Moonee Ponds VIC","$20â€“40","â‹… Opens 5:30â€¯am","Closed","https://ssl.gstatic.com/local/servicebusiness/default_user.png","""Very    ""","dog friendly","","https://lh5.googleusercontent.com/p/AF1QipNAvjkbPB0UFaPXG8Y1YD2Ww0yTUyKqe4yyeybN=w90-h90-n-k-no"
"Fig and Walnut","Â·  Â· Cafe","4.6","(467)","Seddon VIC","$20â€“40","â‹… Opens 7â€¯am","Closed","https://ssl.gstatic.com/local/servicebusiness/default_user.png",""" place , very chill garden ,  , good foods, love it!""","Nice","dog friendly","https://lh5.googleusercontent.com/p/AF1QipNz9PS2W1MP6k5x_hSEOxO6P4A_xtRCPb1VzPjx=w90-h90-n-k-no"
"Pony White","Â·  Â· Cafe","4.6","(203)","Fitzroy VIC","$20â€“40","â‹… Opens 7â€¯am","Closed","https://ssl.gstatic.com/local/servicebusiness/default_user.png","""Food was tasty, staff helpful and , water bowl for our  on site.""","friendly","dog","https://lh5.googleusercontent.com/p/AF1QipManBdmfMQ4LfGGznyvh5DJJHLU7nEkQfCY39HY=w90-h90-n-k-no"
"PERREO","Â·  Â· Hot Dog","4.4","(140)","South Melbourne VIC","$20â€“40","â‹… Opens 5â€¯pm Tue","Closed","https://ssl.gstatic.com/local/servicebusiness/default_user.png","""The hot  were delicious ğŸ˜‹""","dogs","","https://lh5.googleusercontent.com/p/AF1QipPKHNc-3JvscSgI2V9xy2WdRm3w0LrOTzq03pXx=w90-h90-n-k-no"
"The Birmingham Hotel","Â·  Â· Pub","4.4","(796)","Fitzroy VIC","$","â‹… Opens 12â€¯pm","Closed","https://ssl.gstatic.com/local/servicebusiness/default_user.png","""Even, ever so slightly family ""","friendly","","https://lh5.googleusercontent.com/p/AF1QipPJTCiAAjL3IVzALJ6kPMNo4ws3eV9hi6rtckZQ=w90-h90-n-k-no"
"Seasons Provedore","Â·  Â· Italian","4.4","(1.1K)","Carlton VIC","$20â€“40","â‹… Opens 5â€¯pm","Closed","https://ssl.gstatic.com/local/servicebusiness/default_user.png","""Oh they are  too and will bring out a water container out.""","dog friendly","","https://lh5.googleusercontent.com/p/AF1QipOyuBYXkEHoXlbsXHzoyGsWqRBO3yXCKj1l1kS7=w90-h90-n-k-no"
"Eighteen Pence Lane","Â·  Â· Coffee shop","4.7","(62)","Docklands VIC","$1â€“20","â‹… Opens 5:30â€¯am","Closed","https://ssl.gstatic.com/local/servicebusiness/default_user.png",""" and great pricing!""","Dog friendly","","https://lh5.googleusercontent.com/p/AF1QipM9hJG454Sb1h1GgQZxCRi2vdqeagDL-k2rAuvH=w90-h90-n-k-no"
"The Montague Hotel","Â·  Â· Pub","4.5","(377)","South Melbourne VIC","$40â€“60","â‹… Opens 12â€¯pm","Closed","https://ssl.gstatic.com/local/servicebusiness/default_user.png","""Very family & .""","dog friendly","","https://lh5.googleusercontent.com/p/AF1QipNn-yr-0RWtgf8_SBsdpe8MGTCREe7LMYs_3lW-=w90-h90-n-k-no"
"Somerset Cafe","Â·  Â· Cafe","4.5","(221)","Richmond VIC","$20â€“40","â‹… Opens 7â€¯am","Closed","https://ssl.gstatic.com/local/servicebusiness/default_user.png","""Such a lovely place,  staff,  and so well decorated.""","friendly","dog friendly","https://lh5.googleusercontent.com/p/AF1QipM4t6hFKSoNnbSfJ7lP3yoziwfTpz1JQn7Fp3jg=w90-h90-n-k-no"
"Stalactites Restaurant","Â·  Â· Greek","4.3","(7.8K)","177/183 Lonsdale St","$20â€“40","â‹… Opens 11â€¯am","Closed","https://ssl.gstatic.com/local/servicebusiness/default_user.png","""The food is amazing and also theyâ€™re incredibly .""","dog friendly","","https://lh5.googleusercontent.com/p/AF1QipNkXZ6rHn6x518kNgBfQpYzz1ulB5D2LZKcqo8c=w90-h90-n-k-no"
"Station Street Trading Co.","Â·  Â· Cafe","4.5","(360)","$20â€“40","Port Melbourne VIC","â‹… Opens 7â€¯am","Closed","https://ssl.gstatic.com/local/servicebusiness/default_user.png","""... newspapers to read and  snacks makes it a magnet for .""","dog","dogs","https://lh5.googleusercontent.com/p/AF1QipMXohRMMYbV36wStrhmb4I3we4bi5aAjolJ7vAC=w90-h90-n-k-no"
"Pillar of Salt","Â·  Â· Cafe","4.4","(882)","Richmond VIC","$20â€“40","â‹… Opens 7â€¯am","Closed","https://ssl.gstatic.com/local/servicebusiness/default_user.png","""recommend if in the area.""","","","https://lh5.googleusercontent.com/p/AF1QipMS9Xoa975KPPUGBYetMxeiTS7iu65XTEH6HgCB=w90-h90-n-k-no"
"SnackMonster Bar","Â·  Â· Tapas Bar","4.9","(96)","Carlton VIC","$20â€“40","â‹… Opens 12â€¯pm Tue","Closed","https://ssl.gstatic.com/local/servicebusiness/default_user.png","""Itâ€™s quirky, warm, and incredibly .""","dog-friendly","","https://lh5.googleusercontent.com/p/AF1QipMpW_jiK0acUmng9kmh2vqUfHE8NsYQTq-pIStU=w90-h90-n-k-no"
"Criniti's Carlton","Â·  Â· Italian","3.6","(2.1K)","Carlton VIC","$20â€“60","â‹… Opens 11â€¯am","Closed","https://ssl.gstatic.com/local/servicebusiness/default_user.png",""" outdoor seating with heaters which was perfect to bring our puppy along""","Nice","","https://lh5.googleusercontent.com/p/AF1QipNy-mZb734I7GN32B98LzTjL9ph-iIwULFtj4FM=w90-h90-n-k-no"
"Mr West Bar & Bottle Shop","Â·  Â· Bar","4.7","(751)","Footscray VIC","$20â€“40","â‹… Opens 1â€¯pm","Closed","https://ssl.gstatic.com/local/servicebusiness/default_user.png","""Pick one :)
Spacious and welcoming!""","","","https://lh5.googleusercontent.com/p/AF1QipP2Ib56hd1CGYVwaBAOaPeORm0pF5bkklRQM7BU=w90-h90-n-k-no"
"Fledgling Espresso","Â·  Â· Cafe","4.4","(280)","Carlton North VIC","$20â€“40","â‹… Opens 7â€¯am","Closed","https://ssl.gstatic.com/local/servicebusiness/default_user.png",""".""","Dog friendly","","https://lh5.googleusercontent.com/p/AF1QipM5x1G6p7OhVTHt49tcXma_NEJMXZRXiIkgTVWX=w90-h90-n-k-no"
"Hippo Bottle & Bar","Â· Bottle Shop and Liquor Store","4.8","(105)","Collingwood VIC","â‹… Opens 4â€¯pm","","Closed","https://ssl.gstatic.com/local/servicebusiness/default_user.png","""Really welcomed my rescue pup Ted today.""","","","https://lh5.googleusercontent.com/p/AF1QipNM3v61gkhGrxankN7_u5CV750Uagb2yn5PFmUX=w90-h90-n-k-no"
"BrÃ»lÃ©e Patisserie","Â·  Â· Patisserie","4.6","(292)","Port Melbourne VIC","$20â€“40","â‹… Opens 7â€¯am","Closed","https://ssl.gstatic.com/local/servicebusiness/default_user.png","""What a hidden gem this place is.""","","","https://lh5.googleusercontent.com/p/AF1QipN_ULKSTbsIC0phlvjq-ypaENGSi1TOnLRBeVKZ=w90-h90-n-k-no"
"The Ascot Cafe","Â·  Â· Cafe","4.2","(206)","Ascot Vale VIC","$20â€“40","â‹… Opens 7â€¯am","Closed","https://ssl.gstatic.com/local/servicebusiness/default_user.png","""They are extremely  and .""","nice","pet friendly","https://lh5.googleusercontent.com/p/AF1QipN0G1gDf2eKzDY_gtct0OF-grbm3HHvgmgZ-iX7=w90-h90-n-k-no"
"Cafe Piccante","Â·  Â· Coffee shop","4.7","(301)","Fitzroy North VIC","$1â€“40","â‹… Opens 5:30â€¯am","Closed","https://ssl.gstatic.com/local/servicebusiness/default_user.png","""Lovely staff, a gorgeous  and affordable delicious food!""","dog","","https://lh5.googleusercontent.com/p/AF1QipNEFFA3GNDNl0sHXY-X-8HdIBKvaXeSeG4uRn5g=w90-h90-n-k-no"
"Code Black Coffee North Melbourne","Â·  Â· Cafe","4.5","(808)","North Melbourne VIC","$20â€“40","â‹… Opens 7â€¯am","Closed","https://ssl.gstatic.com/local/servicebusiness/default_user.png",""" brunch food, outdoor seatingâ€™s a great place for your .""","Nice","dog","https://lh5.googleusercontent.com/p/AF1QipMLqSoJCA9iZ1N41ggrCBiStEyIKWL1ozVRgMq7=w90-h90-n-k-no"
"Gai Wong","Â·  Â· Asian","4.5","(779)","North Melbourne VIC","$1â€“20","â‹… Opens 11:30â€¯am","Closed","https://ssl.gstatic.com/local/servicebusiness/default_user.png",""" in the undercover outdoor area.""","Dog friendly","","https://lh5.googleusercontent.com/p/AF1QipPbTzUNerEGZPqbn-WuT6VbY4X3jX84uMf9dfkW=w90-h90-n-k-no"
"Mr Tucker","Â·  Â· Cafe","4.3","(138)","North Melbourne VIC","$1â€“20","â‹… Opens 7:30â€¯am","Closed","https://ssl.gstatic.com/local/servicebusiness/default_user.png","""Pavement tables catch the morning sun and are .""","dog friendly","","https://lh5.googleusercontent.com/p/AF1QipNn1hoEY-v9aGxfVVKzcU1o9IaKxWRTXnnAlyZU=w90-h90-n-k-no"
"Al Dente Enoteca Restaurant","Â· Italian","4.8","(409)","Carlton VIC","â‹… Opens 5â€¯pm","","Closed","https://ssl.gstatic.com/local/servicebusiness/default_user.png","""Great food  staff and this place is truly , will return!""","Friendly","dog friendly","https://lh5.googleusercontent.com/p/AF1QipOhyYtfN_C05jQKQ4I1SYazgCRmyV1Obp0825mK=w90-h90-n-k-no"
"Papa Gino's","Â·  Â· Italian","4.3","(2K)","Carlton VIC","$20â€“40","â‹… Opens 12â€¯pm Tue","Closed","https://ssl.gstatic.com/local/servicebusiness/default_user.png","""The outside area is  too, which is always a plus in my books.""","dog friendly","","https://lh5.googleusercontent.com/p/AF1QipMXAcCcTEV2zlkrN10IOQ4_h78NPkjE84j8u_1V=w90-h90-n-k-no"
"The Herbert Cafe","Â·  Â· Cafe","4.2","(341)","Northcote VIC","$1â€“20","â‹… Opens 7â€¯am","Closed","https://ssl.gstatic.com/local/servicebusiness/default_user.png","""Really cool  court yard and a well done small menu""","dog friendly","","https://lh5.googleusercontent.com/p/AF1QipM1yJxLE4g2URFOISpXKc4cHc4-gBNXAY-VXhqV=w90-h90-n-k-no"
"Chotto Motto - Japanese Bar & Restaurant","Â·  Â· Restaurant","4.4","(459)","Collingwood VIC","$40â€“60","â‹… Opens 5:30â€¯pm Tue","Closed","https://ssl.gstatic.com/local/servicebusiness/default_user.png","""Super , great vibes and great staff :)""","dog friendly","","https://lh5.googleusercontent.com/p/AF1QipPd1RuZZEv7INDVkcMtF05OkOFp9tgOxbNgbUQg=w90-h90-n-k-no"
"Leddicott Cottage","Â· Cottage rental","5.0","(8)","Olinda VIC","","","","https://ssl.gstatic.com/local/servicebusiness/default_user.png","""Fabulous and such a great place to take my  with me.""","dogs","","https://lh3.googleusercontent.com/gps-proxy/ALd4DhEruxwPDpRTJ7eTKL_eVALf3W66n53vuFm1LQy687XEe-cIh-U51CZNDzSRwEPWHTlLogHoAYbYBpYmNfoYtMEKIulsC-kdOZHoCfySaFDwr4T4x6AaS0bfwcna1s2NGeNW_LSAo50yhhI9X8_c86lLQf2torE09fdRWMyn-jtkRFJVWBk0U1TP=w90-h90-n-k-no"
"Dog Friendly Melbourne","Â· News service","","","","","","No reviews","","","","","https://lh5.googleusercontent.com/p/AF1QipNSuIex0iPMcedzuGF0r7mFvq8SfeZpymhF_8g=w90-h90-n-k-no"
"Royal Mail on Spencer St","Â·  Â· Restaurant","4.5","(148)","West Melbourne VIC","$$","","Temporarily closed","https://ssl.gstatic.com/local/servicebusiness/default_user.png",""" cheap meals""","Nice","","https://lh5.googleusercontent.com/p/AF1QipOcGxL-g2VNyHauavZDike-8Cq1hVVBb-569GE=w90-h90-n-k-no"